chunk_id,document_name,page_number,chunk_text,character_count
1,fibersensor.pdf,1,"1
CSM_FiberSensor_TG_E_1_2
Sensors
Switches
Safety Components
Relays
Control Components
Automation Systems
Motion / Drives
Energy Conservation Support / 
Environment Measure Equipment
Power Supplies /
In Addition
Others
Common
Technical Explanation for Fiber Sensors
Introduction
What Is a Fiber Sensor?
A Fiber Sensor is a type of Photoelectric Sensor that enables detection of objects in narrow locations by transmitting light from a 
Fiber Amplifier Unit with a Fiber Unit.
Features",485
2,fibersensor.pdf,1,"Fiber Amplifier Unit with a Fiber Unit.
Features
1. Detection in Narrow Locations
The small sensing section and flexible Fiber Unit cable enable 
a Fiber Sensor to detect objects in narrow locations.
2. Superior Environmental Resistance
The sensing section of a Fiber Unit has no electric circuits. 
This makes it highly reliable even under severe environmental 
conditions, such as temperature, vibration, shock, water, and 
electrical noise conditions.
3. Easy Installation",475
3,fibersensor.pdf,1,"electrical noise conditions.
3. Easy Installation
The Fiber Unit can be installed close to the sensing object. 
This allows you to freely select where to install the Fiber 
Amplifier Unit.
4. Virtually No Sensing Object Restrictions
These Sensors operate on the principle that an object 
interrupts or reflects light, so they are not limited like Proximity 
Sensors to detecting metal objects. This means they can be 
used to detect virtually any object, including glass, plastic, 
wood, and liquid.",499
4,fibersensor.pdf,1,"used to detect virtually any object, including glass, plastic, 
wood, and liquid.
5. Fast Response Time
The response time is extremely fast because light travels at 
high speed and the Sensor performs no mechanical 
operations because all circuits are comprised of electronic 
components.
6. Non-contact Sensing
There is little chance of damaging sensing objects or Sensors 
because objects can be detected without physical contact. 
This ensures years of Sensor service.
7. Color Identification",495
5,fibersensor.pdf,1,"This ensures years of Sensor service.
7. Color Identification
The rate at which an object reflects or absorbs light depends 
on both the wavelength of the emitted light and the color of the 
object.
This property can be used to detect colors.
8. Easy Adjustment
Positioning the beam on an object is simple with models that 
emit visible light because the beam is visible.
Light
Light
Emitter
Receiver
Sensing 
circuit
Fiber Unit
Fiber Amplifier Unit
Sensing object
Sensing object",479
6,fibersensor.pdf,2,"Technical Explanation for Fiber Sensors
2
Sensors
Switches
Safety Components
Relays
Control Components
Automation Systems
Motion / Drives
Energy Conservation Support / 
Environment Measure Equipment
Power Supplies /
In Addition
Others
Common
Operating Principles
(1) Properties of Light
Rectilinear Propagation
When light travels through air or water, it always travels in a 
straight line.
Refraction
Refraction is the phenomenon of light being deflected as it",461
7,fibersensor.pdf,2,"straight line.
Refraction
Refraction is the phenomenon of light being deflected as it 
passes obliquely through the boundary between two media 
with different refractive indices.
Reflection 
(Regular Reflection, Retroreflection, Diffuse Reflection)
A flat surface, such as glass or a mirror, reflects light at an 
angle equal to the incident angle of the light. This kind of 
reflection is called regular reflection. A corner cube takes 
advantage of this principle by arranging three flat surfaces",498
8,fibersensor.pdf,2,"advantage of this principle by arranging three flat surfaces 
perpendicular to each other. Light emitted toward a corner 
cube repeatedly propagates regular reflections and the 
reflected light ultimately moves straight back toward the 
emitted light. This is referred to as retroreflection.
Most retroreflectors are comprised of corner cubes that 
measure several square millimeters and are arranged in a 
precise configuration.",429
9,fibersensor.pdf,2,"measure several square millimeters and are arranged in a 
precise configuration.
Matte surfaces, such as white paper, reflect light in all directions. 
This scattering of light is called diffuse reflection. This principle is 
the sensing method used by Diffuse-reflective Sensors.
Polarization of Light
Light can be represented as a wave that oscillates horizontally 
and vertically. Fiber Sensors almost always use LEDs as the 
light source. The light emitted from LEDs oscillates in the",488
10,fibersensor.pdf,2,"light source. The light emitted from LEDs oscillates in the 
vertical and horizontal directions and is referred to as 
unpolarized light. There are optical filters that constrain the 
oscillations of unpolarized light to just one direction. These are 
known as polarizing filters. Light from an LED that passes 
through a polarizing filter oscillates in only one direction and is 
referred to as polarized light (or more precisely, linear",438
11,fibersensor.pdf,2,"referred to as polarized light (or more precisely, linear 
polarized light). Polarized light oscillating in one direction (say 
the vertical direction) cannot pass through a polarizing filter 
that constrains oscillations to a perpendicular direction (e.g., 
the horizontal direction). The MSR function on Retro-reflective 
Sensors (see page 11) operates on this principle.
(2) Light Sources
Light Generation
Pulse Modulated light
The majority of Photoelectric Sensors use pulse modulated",488
12,fibersensor.pdf,2,"Light Generation
Pulse Modulated light
The majority of Photoelectric Sensors use pulse modulated 
light that basically emits light repeatedly at fixed intervals. 
Light Source Color and Type
(Air)
Refractive index 1
Refractive Index 1.5
Refractive index 1
(Air)
(Glass)
Regular
Reflection
(Mirror)
Retroreflection
(Corner cube)
Diffuse
Reflection
(Paper)
Unpolarized
light
LED
Polarized
light
Polarizing
filter
Vertically
polarized light
Horizontally
polarizing filter
(Cannot pass light.)",489
13,fibersensor.pdf,2,"Polarizing
filter
Vertically
polarized light
Horizontally
polarizing filter
(Cannot pass light.)
Vertically
polarized light 
Vertically
polarizing filter
(Passes light)
0
Time
Cycle
Light
intensity
100
200
300
400
500
600
700
800
900
1,000
1,100
Wave-
length (nm)
Blue LED
Green
LED
Ultraviolet light range
Visible light range
Infrared range
Microwaves
X-rays
Red LED
Infrared LED
Light intensity",396
14,fibersensor.pdf,3,"Technical Explanation for Fiber Sensors
3
Sensors
Switches
Safety Components
Relays
Control Components
Automation Systems
Motion / Drives
Energy Conservation Support / 
Environment Measure Equipment
Power Supplies /
In Addition
Others
Common
(3) Structure and Principles
Structure
The Fiber Unit has no electrical components whatsoever, so it provides superior resistance to noise and other environmental 
influences.
s
Nomenclature (E.g., E3NX-FA21/-FA51)
Detection Principles",477
15,fibersensor.pdf,3,"influences.
s
Nomenclature (E.g., E3NX-FA21/-FA51)
Detection Principles
Optical fiber is comprised of a central core with a high refractive index surrounded by cladding with a low refractive index. When 
light enters the core, repetitive total internal reflection at the boundary of the less refractive cladding guides the light down the 
optical fiber. The angle of the light traveling through the optical fiber increases to about 60° by the time the light exits the fiber and",477
16,fibersensor.pdf,3,"strikes a sensing object.
Fiber Unit
Fiber Amplifier Unit
Protective Cover
Pre-wired Connection
The lineup also includes Fiber Amplifier Units 
with Wire-saving Connectors etc.
Optical Communications Section
Mutual interference prevention 
function is performed by using 
infrared communications 
between the linked Amplifier Units.
DIN Track Mounting Section
The hooks are used to mount 
the Amplifier Unit to a DIN Track.
Fiber Unit Insertion Holes
The Fiber Unit cables 
are inserted into the",495
17,fibersensor.pdf,3,"Fiber Unit Insertion Holes
The Fiber Unit cables 
are inserted into the 
emitter and receiver 
insertion holes.
[     L/D Button]
Used to switch between Light-ON (L) and Dark-ON (D).
Threshold Level 
Green digital 
display
Incident Level 
White digital 
display
[    MODE Button]
Used to switch between Detection Mode and Setting Mode,
and use to switch between OUT1 and OUT2.
Executes Smart Tuning.
[     TUNE Button]
[L/D Indicator]
Indicates the setting status:
Light-ON (L) or Dark-ON (D).",493
18,fibersensor.pdf,3,"[     TUNE Button]
[L/D Indicator]
Indicates the setting status:
Light-ON (L) or Dark-ON (D).
[DPC Indicator]
Turns ON when Dynamic Power Control is 
effective.
[OUT1 Indicator/OUT2 Indicator]
Turns ON when OUT1 or OUT2 is ON.
[OUT1 Selection Indicator/OUT2 Selection Indicator]
The indicator for the selected output channel is lit.
[ST Indicator]
Turns ON when Smart Tuning is in progress.
[+–UP/DOWN Button]
Used to fine-tune the threshold or change set values.
Sensing object
Light
Light",490
19,fibersensor.pdf,3,"[+–UP/DOWN Button]
Used to fine-tune the threshold or change set values.
Sensing object
Light
Light
Refractive index
Emitter
Receiver
Sensing 
circuit
Resin fiber covering
Core
Core
LED
Cladding
Fiber core
60°
Cladding
Optical fiber
Approximately
60°",250
20,fibersensor.pdf,4,"Technical Explanation for Fiber Sensors
4
Sensors
Switches
Safety Components
Relays
Control Components
Automation Systems
Motion / Drives
Energy Conservation Support / 
Environment Measure Equipment
Power Supplies /
In Addition
Others
Common
Classification
(1) Classification by Sensing Method
1. Through-beam Sensors
Sensing Method
The emitter and receiver fibers are installed facing each other 
so that the light from the emitter enters the receiver.",453
21,fibersensor.pdf,4,"so that the light from the emitter enters the receiver.
When a sensing object passing between the emitter and 
receiver fibers interrupts the emitted light, it reduces the 
amount of light that enters the receiver. This reduction in light 
intensity is used to detect an object.
Features
• Stable operation and long sensing distances ranging from 
several centimeters to several tens of meters.
• Sensing position unaffected by changes in the sensing 
object path.",464
22,fibersensor.pdf,4,"• Sensing position unaffected by changes in the sensing 
object path.
• Operation not greatly affected by sensing object gloss, 
color, or inclination.
2. Reflective Sensors
Sensing Method
The emitter and receiver fibers are installed in the same 
housing and light normally does not return to the receiver. 
When light from the emitter strikes the sensing object, the 
object reflects the light and it enters the receiver where the",432
23,fibersensor.pdf,4,"object reflects the light and it enters the receiver where the 
intensity of light is increased. This increase in light intensity is 
used to detect the object.
Features
• Sensing distance ranging from several centimeters to 
several meters.
• Easy mounting adjustment.
• The intensity of reflected light and operating stability vary 
with the conditions (e.g., color and smoothness) on the 
surface of the sensing object.
3. Retro-reflective Sensors
Sensing Method",465
24,fibersensor.pdf,4,"surface of the sensing object.
3. Retro-reflective Sensors
Sensing Method
The emitter and receiver fibers are installed in the same 
housing and light from the emitter is normally reflected back to 
the receiver by a Reflector installed on the opposite side. 
When the sensing object interrupts the light, it reduces the 
amount of light received. This reduction in light intensity is 
used to detect the object.
Features
• Sensing distance ranges from several centimeters to 
several meters.",492
25,fibersensor.pdf,4,"Features
• Sensing distance ranges from several centimeters to 
several meters.
• Simple wiring and optical axis adjustment (labor saving).
• Operation not greatly affected by the color or angle of 
sensing objects.
• Light passes through the sensing object twice, making 
these Sensors suitable for sensing transparent objects.
• Sensing objects with a mirrored finish may not be detected 
because the amount of light reflected back to the receiver",449
26,fibersensor.pdf,4,"because the amount of light reflected back to the receiver 
from such shiny surfaces makes it appear as though no 
sensing object is present. This problem can be overcome 
using the MSR function.
4. Limited-reflective Sensors
Detection Method
In the same way as for Reflective Sensors, Limited-reflective 
Sensors receive light reflected from the sensing object to 
detect it. The emitter and receiver are installed to receive only 
regular-reflection light, so only objects that are a specific",494
27,fibersensor.pdf,4,"regular-reflection light, so only objects that are a specific 
distance (area where light emission and reception overlap) 
from the Sensor can be detected. In the figure below, the 
sensing object at (A) can be detected while the object at (B) 
cannot.
Features
• Small differences in height can be detected.
• The distance from the Sensor can be limited to detect only 
objects in a specific area.
• Operation is not greatly affected by sensing object colors.",460
28,fibersensor.pdf,4,"objects in a specific area.
• Operation is not greatly affected by sensing object colors.
• Operation is greatly affected by the glossiness or inclination 
of the sensing object.
Sensing object
Emitter fiber
Receiver fiber
Sensing object
Retroreflector
Sensing object
2000
4000
6000
8000
9999
0
1
2
3
4
5
6
7
8
9 10 11 12 13 14 15 16 17 18 19 20
Distance (mm)
E32-L25L + E3NX-FA21
Sensing
range
Background is not detected
White paper
Black paper
Glass, t = 0.7
SUS304
Digital incident level
Stable",497
29,fibersensor.pdf,4,"White paper
Black paper
Glass, t = 0.7
SUS304
Digital incident level
Stable
detection
（A）
（B）",93
30,fibersensor.pdf,5,"Technical Explanation for Fiber Sensors
5
Sensors
Switches
Safety Components
Relays
Control Components
Automation Systems
Motion / Drives
Energy Conservation Support / 
Environment Measure Equipment
Power Supplies /
In Addition
Others
Common
(2) Types of Fiber Cables
• Flexible Fibers
The flexible fiber has a small bending radius for easy routing 
without easily breaking.
It is easy to use because the cable can be bent without 
significantly reducing light intensity.
• Standard Fibers",489
31,fibersensor.pdf,5,"significantly reducing light intensity.
• Standard Fibers
This fiber have a large bending radius compared with bend-
resistant or flexible fiber.
Use this fiber where the bending radius is large, or on non-
moving parts.
• Break-resistant Fibers
This fiber is resistant to repeated bends for use on moving 
parts.
• Standard Reflective Fiber Units
This structure is standard for most Reflective Fiber Units. 
The receiver fiber is located next to the emitter fiber as 
shown below.",481
32,fibersensor.pdf,5,"The receiver fiber is located next to the emitter fiber as 
shown below.
• Coaxial Reflective Fiber Units
These Fiber Units offer better detection of small objects at 
close distances (of 2 mm or less) than Standard Reflective 
Fiber Units. They also detect glossy surfaces more reliably 
than Standard Reflective Fiber Units, even if the surface is 
tilted. The receiver fibers are arranged around the emitter 
fiber as shown below. 
(3) Types of Fiber Units
1. Standard Installation",484
33,fibersensor.pdf,5,"fiber as shown below. 
(3) Types of Fiber Units
1. Standard Installation
Threaded Models
Cylindrical Models
2. Saving Space
Flat Models
Sleeve Models (Close-range Detection)
Structure which has a 
cladding around a large 
number of ultrafine 
cores.
Cladding
Core
Structure only of one fiber
Structure where the multiple
fine fibers has been independent.
Receiver fiber
Emitter fiber
Receiver fibers
Emitter fiber
Top-view Type
Right-angle Type
Standard screw-type 
installation.",479
34,fibersensor.pdf,5,"Receiver fibers
Emitter fiber
Top-view Type
Right-angle Type
Standard screw-type 
installation.
The Fiber Units is mounted 
into a drilled hole and 
secured with nuts.
Ideal for installation in 
narrow spaces.
The Fiber Unit is secured 
with a set screw.
Mount directly in limited 
spaces without using 
special mounting brackets.
Suitable for close-range 
detection.
Ideal for detecting minute 
objects in areas with limited 
space.",433
35,fibersensor.pdf,6,"Technical Explanation for Fiber Sensors
6
Sensors
Switches
Safety Components
Relays
Control Components
Automation Systems
Motion / Drives
Energy Conservation Support / 
Environment Measure Equipment
Power Supplies /
In Addition
Others
Common
3. Beam Improvements
Small-Spot, Reflective (Minute Object Detection)
High-power Beam 
(Long-distance Installation, Dust-resistant)
Narrow View (Detection Across Clearance)
Detection without Background Interference
4. Transparent Object Detection",488
36,fibersensor.pdf,6,"Detection without Background Interference
4. Transparent Object Detection
Retro-reflective
Limited-reflective (Glass Detection)
5. Environmental Immunity
Chemical-resistant, Oil-resistant
Bending-resistant, Disconnection-resistant
Heat-resistant
6. Special Applications
Area Beam (Area Detection)
Liquid-level Detection
Vacuum-resistant
FPD, Semiconductors, and Solar Cells
Small-spot to accurately 
detect small objects.
Suitable for detection on 
large equipment, of large",474
37,fibersensor.pdf,6,"detect small objects.
Suitable for detection on 
large equipment, of large 
objects, and in environments 
with airborne particles
The fine beam prevents 
false detection of light that 
is reflected off surrounding 
objects.
These Fiber Units detect 
only objects in the sensing 
range. Objects in the 
background that are 
located beyond a certain 
point are not detected.
Detect transparent objects 
reliably because the beam 
passes through the object 
twice, resulting in greater",482
38,fibersensor.pdf,6,"reliably because the beam 
passes through the object 
twice, resulting in greater 
light interruption.
The limited-reflective 
optical system provides 
stable detection of specular 
reflective glass.
Made from materials that are
resistant to various oils and 
chemicals.
Resistant to repeated bending 
on moving parts and breaking 
from snagging or shock.
Can be used in high-
temperature environments at 
up to 400°C.
Detect across areas for 
meandering materials or falling",475
39,fibersensor.pdf,6,"temperature environments at 
up to 400°C.
Detect across areas for 
meandering materials or falling 
workpieces whose position 
vary.
Detect only liquid when being 
mounted on tubes or in liquid.
Can be used under high 
vacuums of up to 10-5 Pa.
Designed specifically to reliably 
detect glass substrates and 
wafers.",316
40,fibersensor.pdf,7,"Technical Explanation for Fiber Sensors
7
Sensors
Switches
Safety Components
Relays
Control Components
Automation Systems
Motion / Drives
Energy Conservation Support / 
Environment Measure Equipment
Power Supplies /
In Addition
Others
Common
(4) Types of Fiber Amplifier Units
For information on the types of Fiber Amplifier Units and Communications Unit, refer to the product pages on your OMRON 
website.",406
41,fibersensor.pdf,8,"Technical Explanation for Fiber Sensors
8
Sensors
Switches
Safety Components
Relays
Control Components
Automation Systems
Motion / Drives
Energy Conservation Support / 
Environment Measure Equipment
Power Supplies /
In Addition
Others
Common
Explanation of Terms
Item
Explanatory diagram
Meaning
Sensing 
distance
Through-
beam 
Sensors
The maximum sensing distance that can be set with 
stability for Through-beam and Retro-reflective Sensors,",444
42,fibersensor.pdf,8,"stability for Through-beam and Retro-reflective Sensors, 
taking into account product deviations and temperature 
fluctuations. Actual distances under standard conditions 
will be longer than the rated sensing distances for both 
types of Sensor.
Retro-
reflective 
Sensors
Reflective 
Sensors
The maximum sensing distance that can be set with 
stability for the Reflective Sensors, taking into account 
product deviations and temperature fluctuations, using",458
43,fibersensor.pdf,8,"product deviations and temperature fluctuations, using 
the standard sensing object (white paper). Actual 
distances under standard conditions will be longer than 
the rated sensing distance.
Limited-
reflective 
Sensors
As shown in the diagram at left, the optical system for the 
Limited-reflective Sensors is designed so that the emitter 
axis and the receiver axis intersect at the surface of the 
detected object at an angle θ.
With this optical system, the distance range in which",486
44,fibersensor.pdf,8,"detected object at an angle θ.
With this optical system, the distance range in which 
regular-reflective light from the object can be detected 
consistently is the sensing distance. As such, the sensing 
distance can range from 10 to 35 mm depending on the 
upper and lower limits. (See page 4.)
Differential travel
Reflective Sensors
The difference between the operating distance and the 
reset distance.
Generally expressed in catalogs as a percentage of the 
rated sensing distance.
Response time",499
45,fibersensor.pdf,8,"Generally expressed in catalogs as a percentage of the 
rated sensing distance.
Response time
The delay time from when the light input turns ON or OFF 
until the control output operates or resets. In general for 
Photoelectric Sensors, the operating time (Ton) ≈ reset 
time (Toff).
Dark-ON operation
The ""Dark-ON"" operating mode is when a Through-beam 
Sensor produces an output when the light entering the 
Receiver is interrupted or decreases.
The ""Light-ON"" operating mode is when a Reflective",497
46,fibersensor.pdf,8,"Receiver is interrupted or decreases.
The ""Light-ON"" operating mode is when a Reflective 
Sensor produces an output when the light entering the 
receiver increases.
Light-ON 
operation
Sensing distance
Receiver fiber
Emitter fiber
Emitter and receiver fibers
Reflector
Sensing distance
Emitter and receiver fibers
Sensing
object
Sensing distance
Emitter 
and 
receiver 
fibers
Upper end of the 
sensing distance range
Sensing object
θ
θ
Lower end of the 
sensing distance range
Emitter beam",490
47,fibersensor.pdf,8,"sensing distance range
Sensing object
θ
θ
Lower end of the 
sensing distance range
Emitter beam
Reception area
Sensing 
object
Operating 
distance
Reset distance
ON
Differential travel
OFF
Emitter and 
receiver fibers
Light input
Control output
Operating
time (Ton)
Reset time
(Toff)
Through-beam or 
Retro-reflective Sensors
Reflective Sensors
Sensing object
Emitter fiber
Receiver fiber
Sensing 
object
Emitter and 
receiver fibers
Operation
Operation
Present
Absent
Through-beam or",484
48,fibersensor.pdf,8,"Sensing 
object
Emitter and 
receiver fibers
Operation
Operation
Present
Absent
Through-beam or 
Retro-reflective Sensors
Reflective Sensors
Sensing object
Emitter fiber
Receiver fiber
Sensing 
object
Emitter and 
receiver fibers
Operation
Operation
Present
Absent",264
49,fibersensor.pdf,9,"Technical Explanation for Fiber Sensors
9
Sensors
Switches
Safety Components
Relays
Control Components
Automation Systems
Motion / Drives
Energy Conservation Support / 
Environment Measure Equipment
Power Supplies /
In Addition
Others
Common
Item
Explanatory diagram
Meaning
Ambient operating 
illumination
The ambient operating illumination is expressed in terms 
of the receiver surface illuminance and is defined as the 
illuminance when there is a ±20% change with respect to",479
50,fibersensor.pdf,9,"illuminance when there is a ±20% change with respect to 
the value at a light reception output of 200 lx. This is not 
sufficient to cause malfunction at the operating 
illuminance limit.
Standard sensing
object
The standard sensing object for both Through-beam Sensors 
and Retro-reflective Sensors is an opaque rod with a diameter 
larger than the length of a diagonal line of the optical system.
In general, the diameter of the standard sensing object is",457
51,fibersensor.pdf,9,"In general, the diameter of the standard sensing object is 
the length of the diagonal line of the emitter/receiver fibers  
for Through-beam Sensors, and the length of a diagonal 
line of the Reflector for Retro-reflective Sensors.
Size of Standard Sensing Object Using Reflector
For Reflective Sensors, the standard sensing object is a sheet 
of white paper larger than the diameter of the emitted beam.
Aperture angle
The aperture angle is the angle at which the emitter beam 
spreads out.",492
52,fibersensor.pdf,9,"Aperture angle
The aperture angle is the angle at which the emitter beam 
spreads out.
Optical axis 
diameter
The optical axis diameter is the beam size that the 
Through-beam Fiber Unit uses for detection.
If you are detecting objects larger than the optical axis diameter, 
you can expect stable detection performance because the object 
will block all of the beams of light that are used for detection.
The incident level may fluctuate, however, if the 
workpiece passes the beam at high speed.",497
53,fibersensor.pdf,9,"The incident level may fluctuate, however, if the 
workpiece passes the beam at high speed.
In this case, it is best to select a Fiber Unit with a smaller optical 
axis diameter, or change the response time of the Fiber Amplifier 
Unit to High-speed mode or to Super-high-speed mode setting.
Fiber Units with 
Build-in-Lenses
These Fiber Units have built-in lenses.
They feature high-power beams.
You don’t have to worry about the lens falling off and 
getting lost.
Right-angle Type/
Hex-shaped",495
54,fibersensor.pdf,9,"You don’t have to worry about the lens falling off and 
getting lost.
Right-angle Type/
Hex-shaped 
Models
These Fiber Units have the fiber and the optical axis at a 90° 
angle to each other. The Right-angle type prevents snagging 
on the cable because the cable runs along the mounting 
surface. This type saves space in the depth compared with 
a Top-view type. The nut is attached to the Fiber Unit to 
reduce installation work.   
Received Illumination
White paper
Reflector lamp
Lux 
meter",494
55,fibersensor.pdf,9,"reduce installation work.   
Received Illumination
White paper
Reflector lamp
Lux 
meter
Emitter fiber
Receiver fiber
Difference between Ambient Operating Illumination
and Operating Illumination Limit
±20%
Received light output
for 200 lx
Operating level
200
1,000
10,000
100,000
Illumination (lx)
Ambient
operating
illumination
Operation
illumination limit
100%
Received
light output
Retro-reflective Sensors
Retroreflector
Emitter and 
receiver fibers
Reflective Sensors
White paper
Emitter and",496
56,fibersensor.pdf,9,"Retroreflector
Emitter and 
receiver fibers
Reflective Sensors
White paper
Emitter and 
receiver fibers
Emission beam
Through-beam Sensors
Emitter fiber
Receiver fiber
The length of the
diagonal of the
Reflector
A bigger piece of
blank paper than
the diameter of
the emitter beam
The length of the
diagonal of the
emitter fibers or 
receiver fibers
Reflector models
Diagonal line of 
optical system
Sensing
object
E39-R1/R1S/R1K
72.2 mm
75-mm dia.
E39-R2
100.58 mm
105-mm dia.
E39-R3
41.44 mm",492
57,fibersensor.pdf,9,"Sensing
object
E39-R1/R1S/R1K
72.2 mm
75-mm dia.
E39-R2
100.58 mm
105-mm dia.
E39-R3
41.44 mm
45-mm dia.
E39-R4
26.77 mm
30-mm dia.
E39-R6
56.57 mm
60-mm dia.
E39-R9
43.7 mm
45-mm dia.
E39-R10
66.47 mm
70-mm dia.
E39-RS1
36.4 mm
40-mm dia.
E39-RS2
53.15 mm
55-mm dia.
E39-RS3
106.3 mm
110-mm dia.
E39-R37
13.4 mm
15-mm dia.
Aperture angle
Optical axis diameter
Right-angle Type/Hex-shaped Models",395
58,fibersensor.pdf,10,"Technical Explanation for Fiber Sensors
10
Sensors
Switches
Safety Components
Relays
Control Components
Automation Systems
Motion / Drives
Energy Conservation Support / 
Environment Measure Equipment
Power Supplies /
In Addition
Others
Common
Item
Explanatory diagram
Meaning
Top-view Type
The optical axis is along the center (vertical direction) of 
the Sensor. For different optical axis positions, there are 
also Side-view and Flat-view types.
APC",452
59,fibersensor.pdf,10,"also Side-view and Flat-view types.
APC
APC is an acronym for auto power control. This function 
maintains a constant light intensity by continuously 
monitoring the emitter LED in the Fiber Amplifier Unit and 
raising the internal electric power when deterioration of 
the LED reduces the light level.
Applications that detect subtle differences particularly 
need this function to prevent changes in the light 
emission level, which can cause malfunctions. With",463
60,fibersensor.pdf,10,"emission level, which can cause malfunctions. With 
OMRON Fiber Sensors, APC is always ON.
DPC
DPC is an acronym for dynamic power control. This 
function automatically compensates the displayed 
incident level when Smart Tuning is executed. This 
function can reduce malfunctions and differences in 
performance due to changes over time and 
environmental factors.
Mutual 
interference 
prevention
This function prevents mutual interference among Fiber",453
61,fibersensor.pdf,10,"Mutual 
interference 
prevention
This function prevents mutual interference among Fiber 
Amplifier Units by mounting them side by side. OMRON 
achieves this by using infrared communications through 
the small windows on the sides of Fiber Amplifier Units to 
shift the timing of emitted pulses.
Wire-saving 
Connectors
Reduced wiring can be achieved by connecting Fiber 
Amplifier Units with Wire-saving Connectors. At OMRON, 
Fiber Amplifier Units are not divided into masters and",481
62,fibersensor.pdf,10,"Fiber Amplifier Units are not divided into masters and 
slaves. Instead, their connector cables are divided into 
Master Connectors and Slave Connectors.
Top-view Type
Without APC
With APC
Time
Long-term stability
Light intensity
Incident level
Target value
(Displayed incident level)
Setting value
(Threshold value)
Time
DPC
Compen-
sated.
Flashes when
compensation is
no longer possible.
Compen-
sated.
Compen-
sated.
Power
supplied.
Slave
Connector
Output line only.
Master
Connector",486
63,fibersensor.pdf,10,"Compen-
sated.
Compen-
sated.
Power
supplied.
Slave
Connector
Output line only.
Master
Connector
Power line + Output line
Optical communications
(mutual interference prevention)
Slave
Connector
E3X-CN22
E3X-CN12
Master
Connector
E3X-CN21
E3X-CN11",246
64,fibersensor.pdf,11,"Technical Explanation for Fiber Sensors
11
Sensors
Switches
Safety Components
Relays
Control Components
Automation Systems
Motion / Drives
Energy Conservation Support / 
Environment Measure Equipment
Power Supplies /
In Addition
Others
Common
Further Information
Application and Data
(1) MSR (Mirror Surface Rejection) Function
[Principles]
This function and structure uses the characteristics of the Retroreflector and the polarizing filters built",448
65,fibersensor.pdf,11,"into the Retro-reflective Sensors to receive only the light reflected from the Retroreflector.
• The waveform of the light transmitted through a polarizing filter in the emitter changes to 
polarization in a horizontal orientation.
• The orientation of the light reflected from the triangular pyramids of the Retroreflector changes from 
horizontal to vertical.
• This reflected light passes through a polarizing filter in the receiver to arrive at the receiver.
[Purpose]",472
66,fibersensor.pdf,11,"[Purpose]
This method enables stable detection of objects with a mirror-like surface.
Light reflected from these types of objects cannot pass through the polarizing filter on the receiver 
because the orientation of polarization is kept horizontal.
[Examples]
A sensing object with a rough, matte surface (example (2)) can be detected even without the MSR 
function. If the sensing object has a smooth, glossy surface on the other hand (example (3)), it cannot",460
67,fibersensor.pdf,11,"be detected with any kind of consistency without the MSR function.
[Caution]
Stable operation is often impossible when detecting objects with high gloss or 
objects covered with glossy film. If this occurs, install the Sensor so that it is at an 
angle off perpendicular to the sensing object.
Transverse wave
Retroreflector
Corner Cube
Longitudinal
wave
Horizontally
polarizing filter
Emitter
Receiver
Vertically polarizing filter
(1) No Object
The light from the emitter hits the Reflector and",495
68,fibersensor.pdf,11,"Vertically polarizing filter
(1) No Object
The light from the emitter hits the Reflector and 
returns to the receiver.
(2) Non-glossy Object
Light from the emitter is intercepted by the ob-
ject, does not reach the Reflector, and thus 
does not return to the receiver.
(3) Object with a Smooth, Glossy Surface 
(Example: battery, can, etc.)
Light from the emitter is reflected by the object 
and returns to the receiver.",420
69,fibersensor.pdf,12,"Technical Explanation for Fiber Sensors
12
Sensors
Switches
Safety Components
Relays
Control Components
Automation Systems
Motion / Drives
Energy Conservation Support / 
Environment Measure Equipment
Power Supplies /
In Addition
Others
Common
(2) Technology for Detecting Transparent Objects Exhibiting Birefringence 
P-opaquing (Polarization-opaquing)
Conventional methods for detecting transparent objects depend on refraction due to the shape of the sensing objects or on the",478
70,fibersensor.pdf,12,"attenuation of light intensity caused by surface reflection. However, it is difficult to attain a sufficient level of excess gain with these 
methods. P-opaquing uses the birefringent (double refraction) property of transparent objects to dramatically increase the level of 
excess gain. The polarization component that is disturbed by the sensing object as they pass along the line is cut by a special and",406
71,fibersensor.pdf,12,"unique OMRON polarization filter. This greatly lowers the intensity of the light received to provide stable detection with simple 
sensitivity adjustment. ""P-opaquing"" is a word that was coined to refer to the process of applying polarization in order to opaque 
transparent objects that exhibit the property of birefringence.
• Excellent detection performance with transparent films. (E32-LR11NP + E39-RP1)",407
72,fibersensor.pdf,12,"• Excellent detection performance with transparent films. (E32-LR11NP + E39-RP1)
The specially designed filter eliminates undesirable light, which allows significantly more light to be interrupted for stable 
detection of films.
(3) Influence of Fiber Cable Length
The sensing distance listed in the Fiber Units specifications are based on the fiber cable lengths found in the suffix of the model 
number.
The sensing distance will change if the fiber cable is cut or extended.",477
73,fibersensor.pdf,12,"number.
The sensing distance will change if the fiber cable is cut or extended.
The following graph shows the percentage change of the various fiber cable length, where 100% is the sensing distance for a fiber 
cable with a length of 2 m.
Use this as a guideline for installation distances.
Keep in mind that extending the cable with a fiber connector will result in even shorter sensing distances than the value given in 
the graph.",433
74,fibersensor.pdf,12,"the graph.
(4) Reflective Models: Sensing Distance Ratios by Workpiece Materials
The following graph shows the percentage change of the various workpieces, where 100% is the sensing distance for white paper,
the standard sensing object.
Refer to the value of the material that looks like your workpiece.
High Attenuation
Low Attenuation
Using E32-LR11NP
Before
Interrupted
light level
18%
Before
Using E32-LR11NP
Special polarizing 
filters
Dramatically increases attenuation by cutting",486
75,fibersensor.pdf,12,"Before
Using E32-LR11NP
Special polarizing 
filters
Dramatically increases attenuation by cutting 
distorted light caused by double refraction.
Fiber
Film
Film
Fiber
Reflector
Reflector
Interrupted
light level
80%
* Installation distance: 200 mm, Sensing 
  object: Multilayered polyolefin film, 
  Sensing object position: Middle
0
20
40
60
80
100
120
1
2
3
4
5
0
7
6
8
9
11
10
Fiber Cable Length (m)
Sensing distance (%)
* The 100% value is for a fiber cable with a length of 2 m",481
76,fibersensor.pdf,12,"Sensing distance (%)
* The 100% value is for a fiber cable with a length of 2 m 
 (same for Through-beam and Reflective Models).
0
20
40
60
80
100
120
Green 
rubber mat
Bakelite
Glass
t0.7
Anodized 
aluminum
 (black)
SUS304
White
paper
Material
Sensing distance (%)
* White paper is 100%.",288
77,fibersensor.pdf,13,"Technical Explanation for Fiber Sensors
13
Sensors
Switches
Safety Components
Relays
Control Components
Automation Systems
Motion / Drives
Energy Conservation Support / 
Environment Measure Equipment
Power Supplies /
In Addition
Others
Common
(5) Surface Color and Light Source Reflectance
Surface Color Reflectance
Identifiable Color Marks
The numbers express the degree of margin (percentage of received light for typical examples).
Models with an white light source support all combinations.",494
78,fibersensor.pdf,13,"Models with an white light source support all combinations.
Reflectance of Various Colors at Different Wavelengths of Light
0
10
20
30
40
50
60
70
80
90
100
300
400
500
600
700
800
900
1000
1100
Wavelength (nm)
Reflectance (%)
Violet
Blue
Yellow
Red
White
Green
Blue LED (470 nm)
Green LED (565 nm)
Red LED (680 nm)
Blue LED
Green LED
Red LED
5
6
3
9
4
4
2
7
5
5
3
2
2
4
4
8
5
4
5
6
4
5
3
2
3
2
2
9
5
5
3
3
5
10
3
3
8
8
6
3
6
4
3
4
2
3
8
2
2
2
5
5
3
6
6
3
3
4
3
7
8
5
5
3
3
4
2
3
8
2
2
2
3
6
4
5
5
3",499
79,fibersensor.pdf,13,"5
3
3
5
10
3
3
8
8
6
3
6
4
3
4
2
3
8
2
2
2
5
5
3
6
6
3
3
4
3
7
8
5
5
3
3
4
2
3
8
2
2
2
3
6
4
5
5
3
3
5 10
6
4
3
White
Red
Yellow
Green
Blue
Violet
Black
White Red Yellow Green Blue Violet Black
White
Red
Yellow
Green
Blue
Violet
Black
White Red Yellow Green Blue Violet Black
White
Red
Yellow
Green
Blue
Violet
Black
White Red Yellow Green Blue Violet Black
Sensor Light Color : Blue
Sensor Light Color : Green
Sensor Light Color : Red
Sensor light color
Product classification
Model",483
80,fibersensor.pdf,13,"Sensor Light Color : Green
Sensor Light Color : Red
Sensor light color
Product classification
Model
Red light source
Fiber Sensors
E3NX-FA
E3X-HD
E3X-SD
E3X-NA
E3X-MDA
Blue light source
Fiber Sensors
E3X-DAB-S
Green light source
Fiber Sensors
E3X-DAG-S
White light source
Fiber Sensors
E3NX-CA",293
81,fibersensor.pdf,14,"Technical Explanation for Fiber Sensors
14
Sensors
Switches
Safety Components
Relays
Control Components
Automation Systems
Motion / Drives
Energy Conservation Support / 
Environment Measure Equipment
Power Supplies /
In Addition
Others
Common
(6) FAQs
EtherCAT® is a registered trademark and patented technology, licensed by Beckhoff Automation GmbH, Germany.
CompoNet is a registered trademark of the ODVA.",407
82,fibersensor.pdf,14,"CompoNet is a registered trademark of the ODVA.
CC-Link is a registered trademark of Mitsubishi Electric Corporation. The trademark is managed by the CC-Link Partner Association.
Category
Question
Answer
Fiber 
Units
Are there any differences between the Fiber Units that 
are used for emitter and receiver?
With Through-beam Fiber Units, there is no difference between emitter 
fibers and receiver fibers.
With Reflective Fiber Units, the emitter fibers and receiver fibers are",478
83,fibersensor.pdf,14,"With Reflective Fiber Units, the emitter fibers and receiver fibers are 
different on Coaxial Reflective Models.
Emitter fiber cables have identification marks. Refer to the individual 
dimensions diagrams of Fiber Units for details.
What size must the hole be to mount a Threaded or 
Cylindrical Fiber Unit?
Refer to the recommended mounting hole dimensions given in the catalog.
Are Fiber Cables available in different lengths?
Some models are available with either 5-m or 10-m cable.",486
84,fibersensor.pdf,14,"Some models are available with either 5-m or 10-m cable.
Ask your OMRON representative for details.
Are these Fiber Units CE certified?
Fiber Units do not have any electrical components and therefore are exempt 
from CE certification.
Can these Fiber Units be used in explosionproof 
areas?
The Fiber Units can be used in an explosion-proof area. Install only the 
Fiber Unit in the explosion-proof area and install the Fiber Amplifier Unit 
outside the explosion-proof area.",475
85,fibersensor.pdf,14,"outside the explosion-proof area.
What the Fiber Units with built-in lenses?
These highly recommended Fiber Units have built-in lenses that achieve 
stable detection with high-power beams.
Fiber 
Amplifier
Units
Can the E3X-HD Series be linked with Fiber Amplifier 
Units from other series?
The E3X-HD Series can be connected with the E3X-DA-S and MDA Series.
Can the E3NX-FA Series or E3X-HD Series be 
operated from a Mobile Console?",435
86,fibersensor.pdf,14,"Can the E3NX-FA Series or E3X-HD Series be 
operated from a Mobile Console?
Mobile consoles cannot be used with either the E3NX-FA Series or the E3X-
HD Series.
Can Sensor Communications Units be used with 
models from the E3NX-FA Series or E3X-HD Series?
If you use E3NX-FA0 Amplifier Units, you can use the E3NW-
ECT(EtherCAT), E3NW-CRT(CompoNet) or E3NW-CCL (CC-Link).
If you use E3X-HD0 Amplifier Units, you can use the E3X-CRT (CompoNet) 
or E3X-ECT (EtherCAT).",466
87,Fibre _Optics.pdf,1,FIBRE OPTICS,12
88,Fibre _Optics.pdf,2,"Communication : 
The English word “communication” is derived from the Greek word Comminicare which 
means exchange of information.
For as long as humans have been on this planet, we’ve invented forms of 
communication—from Cave Paintings, Symbols, Smoke Signals, Carrier Pigeon, Postal 
System, Newspapers, Radio, Telegraph, Telephone, Television, Internet, E-mail, 
TextMessage, Social Media like Facebook, Messenger, WhatsUp, Twitter, Instagram and",452
89,Fibre _Optics.pdf,2,"TextMessage, Social Media like Facebook, Messenger, WhatsUp, Twitter, Instagram and 
Telegram etc., that have constantly evolved how we interact with each other.
Technology has indeed redefined communication. People no longer have to wait for 
years, months, weeks, and days to receive information or message. Today, texts, e-mails, 
tweets, and personal messages can reach the recipient in just a matter of seconds. i.e. ,we 
communicate in a fingersnap.",456
90,Fibre _Optics.pdf,2,"communicate in a fingersnap.
Now, we can send information in forms : 1)Audio, 2) Video, 3) Data",95
91,Fibre _Optics.pdf,3,"Now, optical fibers became one of the greatest communication media in the world.
Everywhere on this planet optical fibers carry vast quantities of information from 
place to place.
What is Fiber Optics ?
Fiber optics is a branch of optics which deals with the study of propagation of information in 
the form of light (rays or modes) through transparent dielectric optical fibers.
Optical fiber
Optical fiber is a thin and transparent guiding dielectric medium or material that guides or",489
92,Fibre _Optics.pdf,3,"Optical fiber is a thin and transparent guiding dielectric medium or material that guides or 
transmits the information as light waves, using the principle of total internal refection.",184
93,Fibre _Optics.pdf,4,"Optical fiber
Optical fiber is a thin and transparent guiding dielectric medium or material that guides or 
transmits information as light waves, using the principle of total internal reflection.
Optical fiber cable
A bundle of optical fibers consists of thousands of individual fiber wires as thin as human 
hair, measuring 0.004mm in diameter is known as optical fiber cable.",377
94,Fibre _Optics.pdf,5,"Optical fiber structure and construction:
A typical structure of optical fiber as shown in figure.
Optical Fiber dimensions:  
Core diameter               : 5μm to 600μm.             
Cladding diameter        : 125μm to 750μm          
Protective layer             : 250μm to 
1500μm.                                                               
Numerical aperture       : 0.1 to 0.5.                     
Acceptance angle          : 200t0 500.",446
95,Fibre _Optics.pdf,5,"Acceptance angle          : 200t0 500.                    
Band width                    : 50MHZ.",97
96,Fibre _Optics.pdf,6,"Principle of optical fiber:
An optical fiber works on the principle of total internal reflection.
John Tyndall observed that the propagation of light through the optical fiber will be in the 
form of multiple total internal reflections.
Definition:
When a light ray travels from denser medium to rarer medium and angle of incidence is 
greater than the critical angle, then the light ray reflects totally, this phenomenon is known 
as total internal reflection.",463
97,Fibre _Optics.pdf,7,Principle of Optical Fibre,26
98,Fibre _Optics.pdf,8,Derivation of Critical Angle,28
99,Fibre _Optics.pdf,9,"Conditions for total internal reflection:
1. The light ray should move from denser to a rarer medium.
2. When i < Ѳc, then the light ray refracts into a rarer medium.
3. When I = Ѳc, then the refracted light ray passes along the 
interface of the two media.
4. When i > Ѳc, then the light ray is reflected back into the denser 
medium and we get total internal reflection.",372
100,Fibre _Optics.pdf,10,"Acceptance angle and acceptance cone:
The maximum angle at which the light can suffers total internal refection is called as 
acceptance angle.
The acceptance cone is derived by rotating the Acceptance Angle about the fiber axis.",229
101,Fibre _Optics.pdf,11,"Numerical aperture (N.A):
Numerical aperture represents the light-gathering power of an optical fiber. It is a 
measure of the amount of light that can be accepted by a fiber. 
The value of NA ranges from 0.13 to 0.50.
Numerical aperture is proportional to the acceptance angle. So, numerical aperture is 
equal to the sine of the acceptance angle.
Types of optical fibers:
Optical fibers are classified into 2 major categories based on 
1.Number of modes transmitted into the optical fibers and",498
102,Fibre _Optics.pdf,11,"1.Number of modes transmitted into the optical fibers and
2.Refractive index profile of the fibers.",99
103,Fibre _Optics.pdf,12,"According to the mode of propagation, optical fiber is classified into two: single-mode and 
multi-mode optical fibers",118
104,Fibre _Optics.pdf,13,"Single mode optical fibers:
If the optical fiber which allows one mode of light propagation, then it is known as single-mode optical 
fiber. Because it has very small core diameter so that it can allow only one mode of light propagation as 
shown figure.
In general single mode optical fibers are step index optical fibers. 
They are made from doped silica with mixtures of metal oxides.
The ray travels along the axis of the fiber",435
105,Fibre _Optics.pdf,13,"The ray travels along the axis of the fiber
Single mode Optical Fiber dimensions:                                                                                        Core 
diameter               : 5μm to 10μm.                                                                                   
Cladding diameter        : around 125μm.",337
106,Fibre _Optics.pdf,13,"Protective layer             : 250μm to 1000μm.                                                                              
Numerical aperture      : 0.08 to 0.10.                                                                                      
Acceptance angle         :  200t0 300.                                                                                                                            
Band width                    : more than 50MHz.",463
107,Fibre _Optics.pdf,14,"Multi mode optical fibers:                                                                                                   
•The core diameter is very large compared to single mode fibers, so that it can allow many 
modes of light propagation and hence, it is called multi-mode optical fiber as shown in fig.
•The multi mode optical fibers are useful manufacturing both for step index and graded 
index optical fibers.",420
108,Fibre _Optics.pdf,14,"index optical fibers.
•They are made by multi-component glass compounds such as Glass-clad silica, Silica-clad 
silica, doped silica etc.,
Multi mode Optical Fiber dimensions:                                                                                      
Core diameter               : 50μm to 350μm.",306
109,Fibre _Optics.pdf,14,"Cladding diameter        : 125μm to 500μm.                                                                                   
Protective layer             : 250μm to 1100μm.                                                                              
Numerical aperture      : 0.12 to 0.5.",290
110,Fibre _Optics.pdf,14,"Acceptance angle         :  200t0 300.                                                                                              
Band width                    : Less than 50MHz.",181
111,Fibre _Optics.pdf,15,"Step index optical fibers and graded index optical fibers:                                                         
Based on the variation in the refractive index of the core and the cladding, the fibers 
are classified into two types. They are.
1)  Step index optical fibers (multimode, single mode)and                                                           
2)  Graded index optical fibers(multimode).                  
Step index optical fibers:",451
112,Fibre _Optics.pdf,15,"2)  Graded index optical fibers(multimode).                  
Step index optical fibers:
•In the step index fiber, the refractive index of the core is uniform throughout and 
undergoes an abrupt or step change at the core-cladding boundary.
•The refractive indices of air, core and cladding varies step by step with increase radial 
distance from the axis of the fiber and hence, it is known as step index optical fiber as 
shown in fig.
•The path of light propagation is in zigzag manner.",489
113,Fibre _Optics.pdf,15,"shown in fig.
•The path of light propagation is in zigzag manner.
•Step index fiber can be single mode step index fiber or multimode step index fiber.
•The single mode step index fiber has low intermodal dispersion compared to multimode 
step index fiber.
•It is used widely as data link cables.",295
114,Fibre _Optics.pdf,16,"Applications:
Because of its less band width, they are used in short haul communication systems 
(data and audio/video applications in LANs)
A local area network (LAN)is a computer networkthat interconnects computers in a 
limited area such as a home, school, computer laboratory, or office building using network 
mediaAdvantages:
•Launching of light is easy.
•Connecting two fibers is easy.
•Fabrication is easy.
•Cost is low.",428
115,Fibre _Optics.pdf,17,Multimode step index optical fiber,34
116,Fibre _Optics.pdf,18,Single mode step index optical fiber.,37
117,Fibre _Optics.pdf,19,"Graded index optical fiber: 
Graded index fibers do not have a constant refractive index in the core but the refractive 
index decreases gradually with increase in radial distance from the axis of fiber, hence the 
name ""graded-index as sown in fig.
The path of light propagation is in a helical or spiral manner. 
Graded index fibers are multimode fibers.
The multimode graded index fiber has very less intermodal dispersion compared to 
multimode step index fiber.",466
118,Fibre _Optics.pdf,19,"multimode step index fiber.
It is used in medium range communications, medical field and in industries. 
Multi mode graded index Optical Fiber dimensions:                                                                  
Core diameter               : 50μm to 350μm.                                                                                 
Cladding diameter        : 125μm to 500μm.",389
119,Fibre _Optics.pdf,19,"Protective layer             : 250μm to 1100μm.                                                                              
Numerical aperture      : 0.12 to 0.5.                                                                                       
Acceptance angle         :  180t0 300.                                                                                                  
Band width                    : Less than 50MHz.",437
120,Fibre _Optics.pdf,20,"Note: Inter-modal dispersion: When more than one mode is propagating through a fiber, 
then the inter-modal dispersion will occur. Since, many modes are propagating; they will 
have different wavelengths and will take different time to propagate through the fiber, this 
results in elongation or stretching of data in the pulse.  This is known as inter-modal 
dispersion.
Graded-index optical fiber",398
121,Fibre _Optics.pdf,21,"Optical fiber communication system:
An optical fiber communication system mainly consists of three parts viz., (1) transmitter section   (2) optical 
fiber (3) receiver section as shown in figure.",196
122,Fibre _Optics.pdf,22,"Advantages of optical fiber communication:
• Optical fibers have largely replaced copper wire communications in core networks in the 
developed world, because of its advantages over electrical transmission. Here are the 
main advantages of fiber optic transmission.
• Safety
The fiber is non-conducting, and is therefore safe in all environments.
It uses light waves for communication hence it is shockproof.",410
123,Fibre _Optics.pdf,22,"It uses light waves for communication hence it is shockproof.
Since it is shockproof, it is very useful in sensitive areas like petroleum industries, oil 
and natural gas industries, cotton industries etc.
Weight
Fiberoptic cables are made of glass or plastic, and they are thinner than copper 
cables.These make them lighter weight and easy to install.
Low Power Loss
An optical fiber offer slow power loss, which allows for longer transmission distances 
than comparison to copper cable.",491
124,Fibre _Optics.pdf,23,"Bandwidth
Fiber optic cables have a much greater bandwidth than metal cables. The amount of 
information that can be transmitted per unit time of fiber over other transmission media is 
far greater than copper cables.
Security :
1. It CANNOT be tapped unlike copper cables.
2. There is NO leakage of signals so communication is secured.
3. It is very strong, flexible and can work on high temperature.
4. It does NOT have corrosion due to water, chemicals and high humidity etc",477
125,Fibre _Optics.pdf,23,"4. It does NOT have corrosion due to water, chemicals and high humidity etc
5. It is cost effective and maintenance  free.
6. It is very easy to install. It does NOT requires labor.",181
126,Fibre _Optics.pdf,24,"Attenuation
Dispersion-intermodel, Intramodel, 
Bending loss-micro ,macro 
scattering losses-Linear, Non linear, 
Absorption-Intrinsic, Extrinsic
Coupling
Losses in Fiber Optics
Attenuation
Attenuation means loss of light energy as the light pulse travels from one end of the 
cable to the other.
It is also called signal loss or fiber loss.
It also decides the number of repeaters required between transmitter and receiver.
Attenuation is directly proportional to the length of the cable.",489
127,Fibre _Optics.pdf,25,"Attenuation is defined as the ratio of optical output power to the 
input power in the fiber of length L.
α= 10log10Pi/Po [in db/km]
where,   
Pi= Input Power
Po= Output Power, α is attenuation constant
The various losses in th e cable are due to 
• Absorption
• Scattering
• Dispersion
• Bending
Attenuation",308
128,Fibre _Optics.pdf,26,"The loss which exists when an optical fiber undergoes bending is called bending losses.
There are two types of bending.
i) Macroscopic bending
Bending in which complete fiber undergoes bends which causes certain modes not to 
be reflected and therefore causes loss to the cladding.
ii) Microscopic Bending
Either the core or cladding undergoes slight bends at its surface. It causes light to be 
reflected at angles when there is no further  reflection.
Bending losses",468
129,Fibre _Optics.pdf,27,"Macroscopic Bending
Microscopic Bending",39
130,Fibre _Optics.pdf,28,"Absorption of light energy due to heating of ion impurities results in dimming of light at 
the end of the fiber.
Two types:
1.Intrinsic Absorption
2.Extrinsic Absorption
Intrinsic Absorption:
Caused by the interaction with one or more components of the glass
Occurs when photon interacts with an electron in the valence band & excites it to a higher 
energy level near the UV region.
Extrinsic Absorption:
Also called impurity absorption.",439
131,Fibre _Optics.pdf,28,"energy level near the UV region.
Extrinsic Absorption:
Also called impurity absorption.
Results from the presence of transition metal ions like iron, chromium, cobalt, copper & 
from OH ions i.e. from water
Absorption Loss",222
132,Fibre _Optics.pdf,29,"As an optical signal travels along the fiber, it becomes increasingly distorted.
This distortion is a sequence of intermodal and intramodal dispersion.
Two types:
1.Intermodal Dispersion
2.IntramodalDispersion
Intermodal Dispersion:
Pulse broadening due to intermodal dispersion results from the propagation delay 
differences between modes within a multimode fiber.
Intramodal Dispersion:
It is the pulse spreading that occurs within a single mode.
Material Dispersion
Waveguide Dispersion",490
133,Fibre _Optics.pdf,29,"Material Dispersion
Waveguide Dispersion
Dispersion Loss",56
134,Fibre _Optics.pdf,30,"Scattering Losses
It occurs due to microscopic variations in the material density, compositional 
fluctuations, structural in homogeneities and manufacturing defects.
Coupling Losses
The mechanical losses due to the coupling of optical fiber cables is called coupling 
losses",275
135,laser_physics.pdf,1,"1
1
Lasers: Fundamentals, Types, and Operations
Subhash Chandra Singh, Haibo Zeng, Chunlei Guo, and Weiping Cai
The acronym LASER, constructed from Light Ampliﬁcation by Stimulated Emission
of Radiation, has become so common and popular in every day life that it is now
referred to as laser. Fundamental theories of lasers, their historical development
from milliwatts to petawatts in terms of power, operation principles, beam char-",433
136,laser_physics.pdf,1,"from milliwatts to petawatts in terms of power, operation principles, beam char-
acteristics, and applications of laser have been the subject of several books [1–5].
Introduction of lasers, types of laser systems and their operating principles, meth-
ods of generating extreme ultraviolet/vacuum ultraviolet (EUV/VUV) laser lights,
properties of laser radiation, and modiﬁcation in basic structure of lasers are the
main sections of this chapter.
1.1
Introduction of Lasers
1.1.1",479
137,laser_physics.pdf,1,"main sections of this chapter.
1.1
Introduction of Lasers
1.1.1
Historical Development
The ﬁrst theoretical foundation of LASER and MASER was given by Einstein
in 1917 using Plank’s law of radiation that was based on probability coefﬁcients
(Einstein coefﬁcients) for absorption and spontaneous and stimulated emission
of electromagnetic radiation. Theodore Maiman was the ﬁrst to demonstrate the
earliest practical laser in 1960 after the reports by several scientists, including the",484
138,laser_physics.pdf,1,"earliest practical laser in 1960 after the reports by several scientists, including the
ﬁrst theoretical description of R.W. Ladenburg on stimulated emission and negative
absorption in 1928 and its experimental demonstration by W.C. Lamb and R.C.
Rutherford in 1947 and the proposal of Alfred Kastler on optical pumping in 1950
and its demonstration by Brossel, Kastler, and Winter two years later. Maiman’s ﬁrst
laser was based on optical pumping of synthetic ruby crystal using a ﬂash lamp",491
139,laser_physics.pdf,1,"laser was based on optical pumping of synthetic ruby crystal using a ﬂash lamp
that generated pulsed red laser radiation at 694 nm. Iranian scientists Javan and
Bennett made the ﬁrst gas laser using a mixture of He and Ne gases in the ratio of
1 : 10 in the 1960. R. N. Hall demonstrated the ﬁrst diode laser made of gallium
arsenide (GaAs) in 1962, which emitted radiation at 850 nm, and later in the same
year Nick Holonyak developed the ﬁrst semiconductor visible-light-emitting laser.",488
140,laser_physics.pdf,1,"year Nick Holonyak developed the ﬁrst semiconductor visible-light-emitting laser.
Nanomaterials: Processing and Characterization with Lasers, First Edition.
Edited by Subhash Chandra Singh, Haibo Zeng, Chunlei Guo, and Weiping Cai.
© 2012 Wiley-VCH Verlag GmbH & Co. KGaA. Published 2012 by Wiley-VCH Verlag GmbH & Co. KGaA.",324
141,laser_physics.pdf,2,"2
1 Lasers: Fundamentals, Types, and Operations
1.1.2
Basic Construction and Principle of Lasing
Basically, every laser system essentially has an active/gain medium, placed between
a pair of optically parallel and highly reﬂecting mirrors with one of them partially
transmitting, and an energy source to pump active medium. The gain media may be
solid, liquid, or gas and have the property to amplify the amplitude of the light wave",432
142,laser_physics.pdf,2,"solid, liquid, or gas and have the property to amplify the amplitude of the light wave
passing through it by stimulated emission, while pumping may be electrical or
optical. The gain medium used to place between pair of mirrors in such a way that
light oscillating between mirrors passes every time through the gain medium and
after attaining considerable ampliﬁcation emits through the transmitting mirror.
Let us consider an active medium of atoms having only two energy levels: excited",488
143,laser_physics.pdf,2,"Let us consider an active medium of atoms having only two energy levels: excited
level E2 and ground level E1. If atoms in the ground state, E1, are excited to the
upper state, E2, by means of any pumping mechanism (optical, electrical discharge,
passing current, or electron bombardment), then just after few nanoseconds of
their excitation, atoms return to the ground state emitting photons of energy
hν = E2 −E1. According to Einstein’s 1917 theory, emission process may occur in",482
144,laser_physics.pdf,2,"hν = E2 −E1. According to Einstein’s 1917 theory, emission process may occur in
two different ways, either it may induced by photon or it may occur spontaneously.
The former case is termed as stimulated emission, while the latter is known
as spontaneous emission. Photons emitted by stimulated emission have the same
frequency, phase, and state of polarization as the stimulating photon; therefore they
add to the wave of stimulating photon on a constructive basis, thereby increasing",484
145,laser_physics.pdf,2,"add to the wave of stimulating photon on a constructive basis, thereby increasing
its amplitude to make lasing. At thermal equilibrium, the probability of stimulated
emission is much lower than that of spontaneous emission (1 : 1033), therefore
most of the conventional light sources are incoherent, and only lasing is possible
in the conditions other than the thermal equilibrium.
1.1.3
Einstein Relations and Gain Coefﬁcient
Consider an assembly of N1 and N2 atoms per unit volume with energies E1",499
146,laser_physics.pdf,2,"Consider an assembly of N1 and N2 atoms per unit volume with energies E1
and E2(E2 > E1) is irradiated with photons of density ρν = N hυ, where [N] is the
number of photons of frequency ν per unit volume. Then the stimulated absorption
and stimulated emission rates may be written as N1ρvB12 and N2ρvB21 respectively,
where B12 and B21 are constants for up and downward transitions, respectively,
between a given pair of energy levels. Rate of spontaneous transition depends on",477
147,laser_physics.pdf,2,"between a given pair of energy levels. Rate of spontaneous transition depends on
the average lifetime, τ21, of atoms in the excited state and is given by N2A21, where
A21 is a constant. Constants B12, B21, and A21 are known as Einstein coefﬁcients.
Employing the condition of thermal equilibrium in the ensemble, Boltzmann
statistics of atomic distribution, and Planck’s law of blackbody radiation, it is easy
to ﬁnd out B12 = B21, A21 = B21(8πhν3/c3), known as Einstein relations, and ratio,",492
148,laser_physics.pdf,2,"to ﬁnd out B12 = B21, A21 = B21(8πhν3/c3), known as Einstein relations, and ratio,
R = exp(hν/kT) −1, of spontaneous and stimulated emissions rates. For example,
if we have to generate light of 632.8 nm (ν = 4.74 × 1014 Hz) wavelength at room
temperature from the system of He–Ne, the ratio of spontaneous and stimulated
emission will be almost 5 × 1026, which shows that for getting strong lasing one",401
149,laser_physics.pdf,3,"1.1 Introduction of Lasers
3
has to think apart from the thermal equilibrium. For shorter wavelength, laser,
ratio of spontaneous to stimulated emission is larger, ensuring that it is more
difﬁcult to produce UV light using the principle of stimulated emission compared
to the IR. Producing intense laser beam or ampliﬁcation of light through stimulated
emission requires higher rate of stimulated emission than spontaneous emission",432
150,laser_physics.pdf,3,"emission requires higher rate of stimulated emission than spontaneous emission
and self-absorption, which is only possible for N2 > N1 (as B12 = B21) even though
E2 > E1 (opposite to the Boltzmann statistics). It means that one will have to create
the condition of population inversion by going beyond the thermal equilibrium to
increase the process of stimulated emission for getting intense laser light.
If a collimated beam of monochromatic light having initial intensity I0 passes",484
151,laser_physics.pdf,3,"If a collimated beam of monochromatic light having initial intensity I0 passes
through the mentioned active medium, after traveling length x, intensity of
the beam is given by I(x) = I0e−αx, where α is the absorption coefﬁcient of the
medium, which is proportional to the difference of N1 and N2. In the case of
thermal equilibrium N1 ≫N2 the irradiance of the beam will decrease with the
length of propagation through the medium. However, in the case of population",465
152,laser_physics.pdf,3,"length of propagation through the medium. However, in the case of population
inversion, (N2 > N1) −α, will be positive and the irradiance of the beam will
increase exponentially as I(x) = I0ekx, where k is the gain coefﬁcient of the
medium and may be given by k = (nNdhν21B21)/c, where Nd is N2−N1, c is speed
of light, and n is refractive index of the medium.
1.1.4
Multilevel Systems for Attaining Condition of Population Inversion",433
153,laser_physics.pdf,3,"1.1.4
Multilevel Systems for Attaining Condition of Population Inversion
Considering the case of two energy level system under optical pumping, we
have already discussed that B12 = B21, which means that even with very strong
pumping, population distribution in upper and lower levels can only be made equal.
Therefore, optical as well as any other pumping method needs either three or four
level systems to attain population inversion. A three level system (Figure 1.1a)",470
154,laser_physics.pdf,3,"level systems to attain population inversion. A three level system (Figure 1.1a)
irradiated by intense light of frequency ν02 causes pumping of large number of
atoms from lowest energy level E0 to the upper energy level E2. Nonradiative decay
of atoms from E2 to E1 establishes population inversion between E1 and E0 (i.e.,
N1 > N0), which is practically possible if and only if atoms stay for longer time in
the state E1 (metastable state, i.e., have a long lifetime) and the transition from E2 to",498
155,laser_physics.pdf,3,"the state E1 (metastable state, i.e., have a long lifetime) and the transition from E2 to
E1 is rapid. If these conditions are satisﬁed, population inversion will be achieved
between E0 and E1, which makes ampliﬁcation of photons of energy E1 −E0 by
stimulated emission. Larger width of the E2 energy level could make possible
absorption of a wider range of wavelengths to make pumping more effective, which
causes increase in the rate of stimulated emission. The three level system needs",488
156,laser_physics.pdf,3,"causes increase in the rate of stimulated emission. The three level system needs
very high pumping power because lower level involved in the lasing is the ground
state of atom; therefore more than half of the total number of atoms have to be
pumped to the state E1 before achieving population inversion and in each of the
cycle, energy used to do this is wasted. The pumping power can be greatly reduced
if the lower level involved in the lasing is not ground state, which requires at least a",492
157,laser_physics.pdf,3,"if the lower level involved in the lasing is not ground state, which requires at least a
four level system (Figure 1.1b). Pumping transfers atoms from ground state to E3,
from where they decay rapidly into the metastable state E2 to make N2 larger than",252
158,laser_physics.pdf,4,"4
1 Lasers: Fundamentals, Types, and Operations
N
N
E0
E
E1
E3
E0
E
E1
E2
Fast decay
Fast decay
Fast decay
Pumping
Pumping
Lasing
Lasing
(a)
(b)
Figure 1.1
Energy level diagram for (a) three- and (b) four level laser systems.
N1 to achieve the condition of population inversion between E2 and E1 at moderate
pumping.
1.1.5
Threshold Gain Coefﬁcient for Lasing
Laser beam undergoes multiple oscillations (through active medium) between pair",439
159,laser_physics.pdf,4,"Laser beam undergoes multiple oscillations (through active medium) between pair
of mirrors to achieve considerable gain before it leaves the cavity through partially
reﬂecting mirror. Laser oscillation can only sustain in the active medium if it attains
at least unit gain after a round-trip between mirrors and maintains it overcoming
various losses inside the cavity. If we incorporate these losses, the effective gain
coefﬁcient reduces to k −ϒ, where ϒ is the loss coefﬁcient of the medium. If",497
160,laser_physics.pdf,4,"coefﬁcient reduces to k −ϒ, where ϒ is the loss coefﬁcient of the medium. If
round-trip gain G were less than unity, the laser oscillation would die out, while
it would grow if the G value were larger than unity. Let us consider that the laser
beam of intensity I0 passes through the active medium, homogeneously ﬁlled in the
length L between the space of two mirrors M1 and M2 with reﬂectivities R1 and R2,
respectively. The beam of intensity I0 initiates from the surface of M1 and attains",491
161,laser_physics.pdf,4,"respectively. The beam of intensity I0 initiates from the surface of M1 and attains
intensity I1(I1 = I0exp(k −ϒ)L) after traveling a length L to reach at the surface of
M2. After reﬂection from M2 and traveling back to M1, the light intensity becomes I2
(I′
1 = I1R2 due to reﬂection and I2 = I′
1exp(k −ϒ)L), which ﬁnally becomes I′
2 after
reﬂection from M1 to complete a round-trip (I′
2 = I2R1 = I0R1R2exp2(k −ϒ)L).
Waves starting from the surface of mirror M1 and those that have completed one",499
162,laser_physics.pdf,4,"Waves starting from the surface of mirror M1 and those that have completed one
or more round trips are in the same phase. Now, the gain G(I′
2/I0) attained in a
round-trip should be at least unity to sustain the laser oscillation inside the cavity,
therefore R1R2 exp2(k −ϒ)L = 1 is the threshold condition, which gives a value of
ϒ + (2L)−1 ln(R1R2)−1 for threshold gain (kth) coefﬁcient.",389
163,laser_physics.pdf,5,"1.1 Introduction of Lasers
5
1.1.6
Optical Resonator
An optical resonator is an arrangement of optical components, which allows a beam
of light to circulate in a closed path so that it retraces its own path multiple times,
in order to increase the effective length of the media with the aim of large light
ampliﬁcation analogous to the positive feedback in electronic ampliﬁers. Combi-
nation of optical resonator with active medium is known as optical oscillator. A set",470
164,laser_physics.pdf,5,"nation of optical resonator with active medium is known as optical oscillator. A set
of two parallel and optically ﬂat mirrors, with one highly reﬂecting M1(R ≈100%)
and another partially transmitting M2(R > 95%), makes a simple optical oscillator
as shown in Figure 1.2. Some of the pumped atoms in the excited states undergo
spontaneous emission generating seed photons, which pass through the active
medium and get ampliﬁed through stimulated emission. Most of the energy gets",479
165,laser_physics.pdf,5,"medium and get ampliﬁed through stimulated emission. Most of the energy gets
reﬂected from both the mirrors, passes through the active medium, and continues
to get ampliﬁed until steady state level of oscillation is reached. After attaining this
stage, ampliﬁcation of wave amplitude within the cavity dies away and extra energy
produced by stimulated emission exits as laser output from the window M2. The
gain coefﬁcient inside the cavity should be greater than the threshold gain coefﬁ-",489
166,laser_physics.pdf,5,"gain coefﬁcient inside the cavity should be greater than the threshold gain coefﬁ-
cient (kth) in order to start and maintain laser oscillation inside the cavity. Owing
to the diffraction effects, it is practically difﬁcult to maintain a perfectly collimated
beam with the combination of two parallel plane mirrors, which causes signiﬁcant
amount of diffraction losses. Such losses could be reduced by using a combination",421
167,laser_physics.pdf,5,"amount of diffraction losses. Such losses could be reduced by using a combination
of concave mirrors and other optics in different optical arrangements. The optical
conﬁgurations, which are able to retain the light wave inside the cavity after several
transversals, are known as stable resonators. Some of the stable resonators are shown
in the Figure 1.3. Laser oscillators with different geometries have their own beneﬁts",423
168,laser_physics.pdf,5,"in the Figure 1.3. Laser oscillators with different geometries have their own beneﬁts
and losses. For example, in an oscillator having assembly of two parallel mirrors,
it is difﬁcult to align them in a strictly parallel manner. A slight deviation from the
parallel geometry of the laser beam causes its walk away from the cavity axis after
few reﬂections. However, it is beneﬁcial in the sense that a large fraction of the",423
169,laser_physics.pdf,5,"few reﬂections. However, it is beneﬁcial in the sense that a large fraction of the
active medium (mode volume) is pumped in this geometry. Confocal resonators are
very simple to align, although lesser fraction of the active medium is being pumped.
Every laser resonator is characterized by a quantity Q termed as quality factor,
which is deﬁned by Q = (2π × energy stored)/(energy dissipated per cycle). The
Q value of laser cavities lies in the range of ∼105−106. Signiﬁcance of higher Q",488
170,laser_physics.pdf,5,"Q value of laser cavities lies in the range of ∼105−106. Signiﬁcance of higher Q
value lies in the sense of capacity to store larger energy. In terms of line width 	ν,
5
4
3
2
1
Figure 1.2
Basic geometry of laser cavity: (1) 100% and (2) 95–98% reﬂecting mirrors, (3)
active medium, (4) pumping source, and (5) laser output.",324
171,laser_physics.pdf,6,"6
1 Lasers: Fundamentals, Types, and Operations
R1 = ∞
R2 = ∞
R2 = L−R1
R2 = ∞
R1 = L
R1 = L
R1 > L
R2 = L
R1 = L/2
R2 = L/2
Plane parallel
Concentric (spherical)
Confocal
Concave–convex
Hemispherical
L
W0
W
Z
Figure 1.3
Different geometries of stable optical resonators.
and frequency ν, the quality factor can be deﬁned as Q = ν/	ν. A higher Q value
associates with lower relative line width and vice versa.
A resonator that cannot maintain laser beam parallel to its axis is termed as",487
172,laser_physics.pdf,6,"A resonator that cannot maintain laser beam parallel to its axis is termed as
unstable resonator. Such resonators suffer from high losses, but can make efﬁcient
use of the mode volume and have easy way of adjustment for the output coupling of
the laser. Figure 1.4 illustrates an unstable resonator having active medium between
the mirrors. Output power of the laser and inner diameter of the annular-shaped
beam can be easily adjusted by varying the distance between the two reﬂecting",485
173,laser_physics.pdf,6,"beam can be easily adjusted by varying the distance between the two reﬂecting
Direction of motion
of smaller mirror
Beam shape
Figure 1.4
A sketch of unstable optical resonator with annular beam shape.",201
174,laser_physics.pdf,7,"1.1 Introduction of Lasers
7
mirrors. Resonators having low irradiation volume or unstable cavities require
active media with a large gain coefﬁcients, such as CO2 gas.
1.1.7
Laser Modes
The output of laser beam actually consists of a number of closely spaced spectral
lines of different frequencies in a broad frequency range. The discrete spectral
components are termed as laser modes, and coverage range is the line width of the",431
175,laser_physics.pdf,7,"components are termed as laser modes, and coverage range is the line width of the
atomic transition responsible for the laser output. Laser modes are categorized into
axial and transverse modes.
1)
Axial modes: Let dφ = 2π/λ∗(2L) be the phase change in the laser wave after a
round-trip in the cavity. In order to sustain laser oscillation inside the cavity, the
phase change should be an integral multiple of 2π, that is, 2π/λ∗(2L) = 2pπ.",439
176,laser_physics.pdf,7,"phase change should be an integral multiple of 2π, that is, 2π/λ∗(2L) = 2pπ.
In terms of frequency, this expression transforms to ν = pc/2L; therefore
separation between two adjacent p and p + 1 modes is given by 	ν = c/2L
(Figure 1.5). In the particular case of Nd: YAG (neodymium-ion-doped yttrium
aluminum garnet) laser, λ = 1064 nm and L = 25 cm, p = 2L/λ ≈47 × 104
axial mode exists inside the laser cavity. If line width of the laser at 1064 nm is",453
177,laser_physics.pdf,7,"axial mode exists inside the laser cavity. If line width of the laser at 1064 nm is
about 	w = 1 GHz, then only 	w/	ν ≈1 axial mode oscillates in the cavity,
while others die out. The axial modes are constructed by the light waves moving
exactly parallel to the cavity axis. Light incident on a mirror and that reﬂected
from that mirror construct a standing wave similar to a string bounded at both
the ends. All the axial modes are due to the propagation of plane waves along",476
178,laser_physics.pdf,7,"the ends. All the axial modes are due to the propagation of plane waves along
the line joining centers of two reﬂecting mirrors.
2)
Transverse modes: Unlike the plane waves propagating along the axis of the
cavity in axial modes, there are some other waves traveling out of the axis that
are not able to repeat their own path termed as transverse electromagnetic
P-2
P-1
P
P+1
P+2
P+3
c/2L
Irradiance
Irradiance
n
n
(b)
(a)
Figure 1.5",434
179,laser_physics.pdf,7,"P-2
P-1
P
P+1
P+2
P+3
c/2L
Irradiance
Irradiance
n
n
(b)
(a)
Figure 1.5
Axial laser modes (a) a simple illustration and (b) inside the laser line width,
which shows that the mode at the center of the line has maximum intensity.",227
180,laser_physics.pdf,8,"8
1 Lasers: Fundamentals, Types, and Operations
01∗
00
11
21
01
10
20
30
02
03
22
34
Figure 1.6
Various TEM modes of the laser.
(TEM) modes. These modes can be practically seen in the form of pattern when
the laser beam falls on any surface. These modes are assigned by two integers
p and q in the form of TEMpq, where p and q are the number of minima in the
horizontal and vertical directions, respectively, in the pattern of the laser beam.",442
181,laser_physics.pdf,8,"horizontal and vertical directions, respectively, in the pattern of the laser beam.
TEM00 means that there is no minima in the beam spot, and this is known
as uniphase mode. On the contrary, TEM01 shows that there is no minima in
the horizontal scanning and one minima in vertical. Laser beam spots on the
screen with several TEM modes are displayed in Figure 1.6.
1.2
Types of Laser and Their Operations
Depending on the nature of the active media, lasers are classiﬁed into three",481
182,laser_physics.pdf,8,"Depending on the nature of the active media, lasers are classiﬁed into three
main categories, namely, solid, liquid, and gas. Scientists and researchers have
investigated a wide variety of laser materials as active media in each category
since 1958, when lasing action was observed in ruby crystal. It is inconvenient to
discuss all lasers having these materials as active media. Here, representative active
medium for each of the categories and their operating principle with energy level",489
183,laser_physics.pdf,8,"medium for each of the categories and their operating principle with energy level
diagram is discussed.
1.2.1
Solid Laser
1.2.1.1
Doped Insulator Laser
Solid
state
lasers
have
active
media
obtained
by
embedding
transition
metals (Ti+3, Cr+3, V+2, Co+2, Ni+2, Fe+2, etc.), rare earth ions (Ce+3, Pr+3,
Nd+3, Pm+3, Sm+2, Eu+2,+3, Tb+3, Dy+3, Ho+3, Er+3, Yb+3, etc.), and actinides",378
184,laser_physics.pdf,9,"1.2 Types of Laser and Their Operations
9
such as U+3 into insulating host lattices. Energy levels of active ions are
only responsible for lasing actions, while physical properties such as thermal
conductivity and thermal expansivity of the host material are important in
determining the efﬁciency of the laser operation. Arrangement of host atoms
around the doped ion modiﬁes its energy levels. Different lasing wavelength in the",430
185,laser_physics.pdf,9,"around the doped ion modiﬁes its energy levels. Different lasing wavelength in the
active media is obtained by doping of different host materials with same active ion.
Y3Al5O12, YAlO3, Y3Ga5O12, Y3Fe5O12, YLiF4, Y2SiO5, Y3Sc2Al3O12, Y3Sc2Ga3O12,
Ti:Al2O3, MgAl2O4 (spinel), CaY4[SiO4]3O, CaWO4 (Scheelite), Cr:Al2O3, NdP5O4,
NdAl3[BO3]4, LiNdP4O12, Nd:LaMgAl11O19, LaMgAl11O19, LiCaAlF6, La3Ga5SiO4,
Gd3Sc2Al3O12, Gd3Ga5O12, Na3Ga2Li3F12, Mg2SiO4 (Forsterite), CaF2, Al2BeO4",474
186,laser_physics.pdf,9,"Gd3Sc2Al3O12, Gd3Ga5O12, Na3Ga2Li3F12, Mg2SiO4 (Forsterite), CaF2, Al2BeO4
(Alexandrite), and so on, are some of the important hosts. Active atom replaces an
atom in the host crystal lattice. Nd:YAG is one of the best lasing material and is
representative of solid state lasing materials.
1.2.1.1.1
Dopant Energy Levels in the Host Matrices
Transition metal and rare earth ions have partially ﬁlled and unﬁlled 3d and 4f",420
187,laser_physics.pdf,9,"Transition metal and rare earth ions have partially ﬁlled and unﬁlled 3d and 4f
subshells, respectively. For example, the electronic conﬁgurations of trivalent Cr
and Nd ions are as follows:
Cr+3: 1s22s22p63s23p63d3
Nd+3: 1s22s22p63s23p63d104s24p64d104f35s25p6
There are unshielded partially ﬁlled d electrons in the transition metal ions, while
partially ﬁlled 4f electrons of the rare earth ions are shielded by 5p and 5s sub shells.",435
188,laser_physics.pdf,9,"partially ﬁlled 4f electrons of the rare earth ions are shielded by 5p and 5s sub shells.
Owing to the electronic shielding of inner subshells in rare earth ions, crystal ﬁeld
effect on the energy levels of transition metal ions are pronounced as compared to
that on energy levels of rare earth ions. When one of these ions is doped into a host
lattice, three main types of interactions occur: (i) columbic interaction between",426
189,laser_physics.pdf,9,"lattice, three main types of interactions occur: (i) columbic interaction between
electrons in the unﬁlled shell, (ii) the crystal ﬁeld, and (iii) spin–orbit interactions.
The columbic interaction between electrons causes splitting of energy levels of a
single electron conﬁguration into several levels denoted by pair of values of L and
S (L and S are vector sum of angular, l, and spin, s, momenta, respectively, of",417
190,laser_physics.pdf,9,"S (L and S are vector sum of angular, l, and spin, s, momenta, respectively, of
electrons). Crystal ﬁeld splitting dominates for transition metal, while spin–orbit
interaction is the major contributor for rare earth ions in the modiﬁcation of energy
level of isolated host atom. The energy level diagram for Cr+3:Al2O3 (ruby) and
Nd+3:YAG are displayed in Figure 1.7.
1.2.1.1.2
Pumping Techniques in Solid State Lasers
Pumping of electrons from the ground state to the excited state to achieve",493
191,laser_physics.pdf,9,"Pumping of electrons from the ground state to the excited state to achieve
population inversion condition is an essential requirement for lasing. Optical
pumping is the best and most efﬁcient pumping method for solid state active media
due to their broad optical absorption bands. A signiﬁcant fraction of incident optical
energy can be easily used for the pumping of ground state electrons using pulsed as
well as continuous light sources. Excess light energy raises temperature of the laser",492
192,laser_physics.pdf,9,"well as continuous light sources. Excess light energy raises temperature of the laser
materials; therefore pulsed light sources are more suitable for dissipation of heat",169
193,laser_physics.pdf,10,"10
1 Lasers: Fundamentals, Types, and Operations
(a)
(b)
Energy (eV)
Energy (eV)
4T1 2.98
2T2 2.60
2E 1.79
2T1 1.86
4T2 2.20
4f3
4A2
3d
4F
4F
2G
2G
etc.
etc.
etc.
0
4I
13/2
15/2
9/2
11/2 0.28
0.52
0.74
3/2
5/2
1.42
1.54
5/2
2.12
9/2
2.42
7/2
2.36
11/2 1.97
9/2 1.81
7/2 1.66
0
3
Figure 1.7
Energy level diagrams for doped insulator lasers: (a) ruby and (b) Nd:YAG
lasers.
through circulating water jackets. Low-pressure quartz/glass-sealed krypton/xenon",453
194,laser_physics.pdf,10,"lasers.
through circulating water jackets. Low-pressure quartz/glass-sealed krypton/xenon
lamps are mostly used for pulsed pumping light sources, while tungsten halogen
lamps and high-pressure mercury discharge lamps are utilized for continuous
optical pumping. An inductive, capacitive, and resistive (LCR) circuit and trigger
unit as shown in Figure 1.8 is basically used for operating the ﬂashtube. The detail
circuit diagram of the power supply is presented in Ref. [3]. High-voltage pulse of",496
195,laser_physics.pdf,10,"circuit diagram of the power supply is presented in Ref. [3]. High-voltage pulse of
the trigger coil ionizes some gas in the tube and makes it conductive. This causes
rapid discharge of the capacitor through the tube and generation of intense optical
radiation for almost few milliseconds. A small inductor in the series protects
damage of the tube due to high capacitor discharge current. Light source and active
medium should be arranged in such a way that maximum pumping radiation",484
196,laser_physics.pdf,10,"medium should be arranged in such a way that maximum pumping radiation
falls on the active medium. Active media in solid state lasers are cylindrical and
rod shaped with few millimeters diameter and few centimeter lengths. Several
arrangements of cylindrical ﬂash lamp and rod-shaped active media are used for
optical pumping to get laser radiation. The ﬂash lamp and active medium assembly
are placed inside gold-plated reﬂectors of circular or elliptical cross section. In the",478
197,laser_physics.pdf,10,"are placed inside gold-plated reﬂectors of circular or elliptical cross section. In the
ﬁrst practical operating laser, ruby rod was pumped by helical ﬂash lamp inside the
cylindrical reﬂecting cavity. Such arrangement has signiﬁcant uniformity of irra-
diation inside the rod but exhibits poor optical coupling. Side-by-side arrangement
of ﬂash lamp and laser rod inside the cylindrical gold-plated reﬂector or wrapping",420
198,laser_physics.pdf,10,"of ﬂash lamp and laser rod inside the cylindrical gold-plated reﬂector or wrapping
both together with a metal foil are simpler approaches having good optical coupling",166
199,laser_physics.pdf,11,"1.2 Types of Laser and Their Operations
11
Inductance
Current limiting
resistor
Supply for capacitor
charging
Capacitor bank
Trigger coil
Figure 1.8
Trigger unit and LCR circuit diagram for solid state lasers.
but poor uniformity of irradiation. An elliptical reﬂector having ﬂash lamp at one
focus and laser rod at the other focus is the most popular and best way of optical
pumping in the solid state lasers. Light radiation leaving from the ﬁrst focus gets",459
200,laser_physics.pdf,11,"pumping in the solid state lasers. Light radiation leaving from the ﬁrst focus gets
focused close to the axis of laser rod placed at the second focus to make uniform
energy distribution. Combination of a number of elliptical reﬂectors having laser
rod at the common foci and several ﬂash lamps at the other foci is used for better
optical pumping with more uniform energy distribution. Various geometries for
the arrangement of laser rod and ﬂash lamps are illustrated in Figure 1.9. Nd:YAG",490
201,laser_physics.pdf,11,"the arrangement of laser rod and ﬂash lamps are illustrated in Figure 1.9. Nd:YAG
laser is widely used in the processing of materials and various characterizations.
Here we discuss energy level diagram and operating principles of Nd:YAG lasers.
1.2.1.1.3
Nd:YAG Laser Construction and Operation
The schematic diagram of Nd:YAG laser head as shown in Figure 1.10, consists
of oscillator section, rear mirror, quarter-wave plate, Pockel cells, polarizer, pump",457
202,laser_physics.pdf,11,"of oscillator section, rear mirror, quarter-wave plate, Pockel cells, polarizer, pump
chambers, injection seeder, output coupler, D-Lok monitor, fold mirrors, ampliﬁer
section, harmonic generator (HG), temperature controller, dichroic mirrors, and
Beam Lock pointing sensor. It may have single or multipump chambers, and
each chamber consists of single or multiple ﬂash lamps depending on the power
of laser. The laser head end panel contains coolant, output connector, coolant",477
203,laser_physics.pdf,11,"of laser. The laser head end panel contains coolant, output connector, coolant
input connector, neutral/ground connector, control cable connector, high-voltage
connector, Q-switch input connector, and nitrogen purge input connector. The
HGs have potassium di-hydrogen phosphate (KDP) and beta barium borate (BBO)
crystals for frequency doubling and tripling, respectively. It can be operated in long
pulse and Q-switch modes. Long pulse mode has light pulses of almost 200 μs",475
204,laser_physics.pdf,11,"pulse and Q-switch modes. Long pulse mode has light pulses of almost 200 μs
duration and separated from each other by 2–4 μs. The total energy of the pulse",155
205,laser_physics.pdf,12,"12
1 Lasers: Fundamentals, Types, and Operations
Flash lamps
Laser rod
Laser rod
Laser rod
Flash lamps
Flash lamps
Laser rod
Flash lamps
Figure 1.9
Different geometries for the arrangement of ﬂash lamp and laser rod in solid
states lasers.
train is similar to that of a single Q-switched pulse. During Q-switched operation,
the pulse width is less than 10 ns and the peak optical power is tens of megawatts.
The properties of Nd:YAG are the most widely studied and best understood",480
206,laser_physics.pdf,12,"The properties of Nd:YAG are the most widely studied and best understood
of all solid state laser media. Its energy level diagram, optical arrangements for
Q-switching and stable and unstable resonators are depicted in Figure 1.11. The
active medium is triply ionized neodymium, which is optically pumped by a ﬂash
lamp whose output matches principle absorption bands in the red and near infrared
(NIR). Excited electrons quickly drop to the F3/2 level, the upper level of the lasing",483
207,laser_physics.pdf,12,"(NIR). Excited electrons quickly drop to the F3/2 level, the upper level of the lasing
transition, where they remain for a relatively longer time (∼230 μs). The strongest
transition is F3/2 →I11/2, emitting a photon in NIR region (1064 nm). Electrons
in the I11/2 state quickly relax to the ground state, which makes its population
low. Therefore, it is easy to build up a population inversion for this pair of states
with high emission cross section and low lasing threshold at room temperature.",496
208,laser_physics.pdf,12,"with high emission cross section and low lasing threshold at room temperature.
There are also some other competing transitions at 1319, 1338, and 946 nm from
the same upper state, but having lower gain and a higher threshold than the
1064 nm wavelength. In normal operation, these factors and wavelength-selective
optics limit oscillation to 1064 nm. A laser comprising just an active medium and
resonator will emit a pulse of laser light each time the ﬂash lamp ﬁres. However,",477
209,laser_physics.pdf,12,"resonator will emit a pulse of laser light each time the ﬂash lamp ﬁres. However,
the pulse duration will be long, about the same as the ﬂash lamp and its peak
power will be low. When a Q-switch is added to the resonator to shorten the pulse,
output peak power is raised dramatically. Owing to the long lifetime of F3/2, a large",328
210,laser_physics.pdf,13,"1.2 Types of Laser and Their Operations
13
Amplifier
Harmonic generator (HG)
HG temperature controller
Dichroic mirror DM1
(Static mount)
Dichroic mirror DM2
(Piezo mount)
Base pan
Aluminum
base plate
BeamLok
pointing sensor
Polarizer
Pockels cell
(Q-Switch)
High reflector M1
and l/4 plate
Oscillator
Injection seeder
Pump chambers
(4 places)
D-Lok monitor
Output coupler M2
Fold mirrors
FM1
FM2
Figure 1.10
Assembly of various components in the head of an Nd:YAG laser system with",482
211,laser_physics.pdf,13,"FM1
FM2
Figure 1.10
Assembly of various components in the head of an Nd:YAG laser system with
four pump chambers.
population of excited neodymium ions can build up in the YAG rod in a way similar
to which a capacitor stores electrical energy. When oscillation is prevented for some
time to build up high level of population inversion by electro-optical Q-switching
and after that if the stored energy gets quickly released, the laser will emit a short
pulse of high-intensity radiation.
1.2.1.2",494
212,laser_physics.pdf,13,"pulse of high-intensity radiation.
1.2.1.2
Semiconductor Laser
Semiconductor lasers also known as quantum well lasers are smallest, cheapest, can
be produced in mass, and are easily scalable. They are basically p-n junction diode,
which produces light of certain wavelength by recombination of charge carrier
when forward biased, very similar to the light-emitting diodes (LEDs). LEDs possess
spontaneous emission, while laser diodes emit radiation by stimulated emission.",472
213,laser_physics.pdf,13,"spontaneous emission, while laser diodes emit radiation by stimulated emission.
Operational current should be higher than the threshold value in order to attain
the condition of population inversion. The active medium in a semiconductor
diode laser is in the form of junction region of 2 two-dimensional layers. No
external mirror is required for optical feedback in order to sustain laser oscillation.
The reﬂectivity due to the refractive index differences between two layers or total",486
214,laser_physics.pdf,13,"The reﬂectivity due to the refractive index differences between two layers or total
internal reﬂection to the active media is sufﬁcient for this purpose. The diodes
end faces are cleaved, and parallelism of reﬂecting surfaces is assured. Junction",246
215,laser_physics.pdf,14,"14
1 Lasers: Fundamentals, Types, and Operations
4I9/2
11502 cm−1
11502 cm−1
~6000 cm−1
~4000 cm−1
2526
2473
2146
2111
2029
2001
848
311
197
134
0
4I11/2
4I13/2
4I13/2
4I11/2
4I9/2
4I15/2
4I15/2
4F3/2
4F3/2
Laser transition
1064 nm
Laser transition
1064 nm
Ground level
Pump bands
Quarter-wave
plate
High
reflector
5 μs
4 kV
Pockels
cell
Stable
Unstable
Polarizer
(a)
(c)
(b)
Figure 1.11
(a) Energy level diagram for the transition of Nd:YAG laser (b) The Q-switch",464
216,laser_physics.pdf,14,"(c)
(b)
Figure 1.11
(a) Energy level diagram for the transition of Nd:YAG laser (b) The Q-switch
comprises a polarizer, a quarter-wave plate, high quality reﬂector, and pockels cell, and (c)
stable and unstable resonator conﬁgurations.
made from a single type of semiconductor material is known as homojunction,
while that obtained from two different semiconductors is termed as heterojunction.
Semiconductors of p and n type with high carrier density are brought together",472
217,laser_physics.pdf,14,"Semiconductors of p and n type with high carrier density are brought together
for constructing p-n junction with very thin (≈1 μm) depletion layer. Figure 1.12
illustrates GaAs homojunction semiconductor diode laser. Lasing occurs in the
conﬁned narrow region, and optical feedback is done by reﬂections between cleaved
end faces. For GaAs n = 3.6, therefore reﬂectivity R from the material–air interface
is R = (n −1)2/(n + 1)2 = 0.32, which is small but sufﬁcient for lasing.",477
218,laser_physics.pdf,14,"is R = (n −1)2/(n + 1)2 = 0.32, which is small but sufﬁcient for lasing.
When the operating current is small, the population inversion built compensates
losses in the system and no lasing action is done. Increase of the current above
a critical value named as threshold current commences lasing action, and the
intensity of laser radiation increases rapidly with further increase in the operating
current. Semiconductor lasers have large divergence compared to any other",470
219,laser_physics.pdf,14,"current. Semiconductor lasers have large divergence compared to any other
laser systems, which is due to their small cross section of active region. Actual
dimension (d) of the active medium is of the order of light wavelength (λ), which
causes diffraction and hence divergence by an angle of θ ≈λ/d. Homojunction
semiconductor lasers have some disadvantages over heterojunction lasers. Both of
the laser systems should have conﬁnement of injected electrons and emitted light",475
220,laser_physics.pdf,14,"the laser systems should have conﬁnement of injected electrons and emitted light
in the junction region in order to initiate efﬁcient stimulated emission process. In",165
221,laser_physics.pdf,15,"1.2 Types of Laser and Their Operations
15
Rough surfaces
P+ GaAs
n+ GaAs
Cleaved end surfaces
−
Laser output
Figure 1.12
Basic geometry of semiconductor laser system.
the homojunction laser, conﬁnement of light is the consequence of the presence
of hole and electrons close to the junction. Homojunction lasers operate under
such conﬁnement mechanism but have high threshold current density and low
efﬁciency. Electrons have to travel different distances before they recombine with",482
222,laser_physics.pdf,15,"efﬁciency. Electrons have to travel different distances before they recombine with
the holes. In contrast, heterojunction lasers exhibit much higher lasing efﬁciency
and low threshold current density compared to their homojunction counterparts.
Another difﬁculty with homojunction laser is to prevent the radiation from
spreading out sideways from the gain region, which causes loss instead of gain.
Therefore they can only be used in the pulsed mode.",451
223,laser_physics.pdf,15,"Therefore they can only be used in the pulsed mode.
Heterojunction lasers are constructed by sandwiching a thin layer of GaAs
between two layers of ternary semiconductor compound Ga1−xAlxAs with
comparatively lower refractive indices and higher band gap energy. Lower
refractive indices of surrounding layers causes conﬁnement of laser radiation
inside the active medium by the mechanism of total internal reﬂection, which",422
224,laser_physics.pdf,15,"inside the active medium by the mechanism of total internal reﬂection, which
makes laser oscillation to sustain in the medium. Higher band gap energy of the
surrounding media creates potential barrier to prevent charge carriers to diffuse
from the junction region, that is, provides a way for the conﬁnement of charge
carriers in the junction region, which enhances the condition of population
inversion and hence stimulated emission. The electrical circuit for pumping the",473
225,laser_physics.pdf,15,"inversion and hence stimulated emission. The electrical circuit for pumping the
semiconductor diode lasers is similar to the doped insulator lasers.
1.2.2
Gas Laser
Gas lasers are widely available in almost all power (milliwatts to megawatts) and
wavelengths (UV-IR) and can be operated in pulsed and continuous modes. Based
on the nature of active media, there are three types of gas lasers viz atomic, ionic,
and molecular. Most of the gas lasers are pumped by electrical discharge. Electrons",494
226,laser_physics.pdf,15,"and molecular. Most of the gas lasers are pumped by electrical discharge. Electrons
in the discharge tube are accelerated by electric ﬁeld between the electrodes. These
accelerated electrons collide with atoms, ions, or molecules in the active media and",253
227,laser_physics.pdf,16,"16
1 Lasers: Fundamentals, Types, and Operations
Power supply
Gas-filled discharge tube
M1
M2
Prism
Figure 1.13
Construction of gas laser system (argon ion laser with prism-based wavelength
tuning).
induce transition to higher energy levels to achieve the condition of population
inversion and stimulated emission. An example of gas laser system is shown in
Figure 1.12.
1.2.2.1
Atomic Gas Laser; He:Ne Laser
He–Ne laser is the simplest and representative of atomic gas lasers. The active",488
228,laser_physics.pdf,16,"He–Ne laser is the simplest and representative of atomic gas lasers. The active
medium is a 10 : 1 mixture of He and Ne gases ﬁlled in a narrow tube of few
millimeter diameters and 0.1–1 m long at a pressure of about 10 Torr. Discharge
tube and circuit are very similar as shown in Figure 1.13. A resistant box is
used in series with power supply in order to limit the discharge current because
tube resistance falls too low once discharge is initiated. Energy levels of Ne atom",478
229,laser_physics.pdf,16,"tube resistance falls too low once discharge is initiated. Energy levels of Ne atom
are directly involved in the laser transitions, and He atoms provide an efﬁcient
excitation mechanism to the Ne atoms. Helium atoms from their ground state 11S,
are pumped to the excited atomic states 21S and 23S by impact with accelerated
electrons in the discharge tube. Neon atoms have 3s and 2s atomic states, which
are closer to the 21S and 23S states of the helium atoms, respectively. Collision",485
230,laser_physics.pdf,16,"are closer to the 21S and 23S states of the helium atoms, respectively. Collision
between excited helium atoms in the 21S and 23S states and neon atoms in the
ground states reinforce transfer of energy from helium to neon atoms. Helium
atoms in the 21S and 23S states excite neon atoms from ground state to the 3s
and 2s states, respectively, and return to the ground state. Excited states 3s and
2s of Ne atom have longer life times as compared to its lower (3p and 2p states),",478
231,laser_physics.pdf,16,"2s of Ne atom have longer life times as compared to its lower (3p and 2p states),
therefore they serve as metastable states and are used in achieving the condition of
population inversion between s and p states. Transitions 3s →3p, 3 s →2p, and
2 s →2p of neon atoms are consequences of lasing at 3.39 μm, 632.8 nm, and
1.15 μm wavelengths, respectively. Lifetimes of 3p and 2p atomic states are shorter;
therefore Ne atoms from these states rapidly decay to the 1s state by nonradiative",487
232,laser_physics.pdf,16,"therefore Ne atoms from these states rapidly decay to the 1s state by nonradiative
transitions. Neon atoms in the 1s state go to the ground state after losing energy
through collision with the wall of the tube. The energy level diagram of the He–Ne
laser is displayed in Figure 1.14. Another important atomic laser is copper vapor
laser, but it is beyond the scope of this book.",378
233,laser_physics.pdf,17,"1.2 Types of Laser and Their Operations
17
Neon
Neon
Ground states
Helium
Wall collision
Fast
Fast
1s
2s
3s
2p
3p
23S
21S
Electron excitation
Atomic collision
Atomic collision
1.15 μm
3.39 μm
632.8 nm
Figure 1.14
Energy level diagram for He–Ne laser system.
1.2.2.2
Ion Laser: Argon Ion Laser
1.2.2.2.1
Physical Construction
Argon ion laser is one of the widely used ion gas lasers, which typically generates
several watts power of a green or blue output beam with high beam quality. The",487
234,laser_physics.pdf,17,"several watts power of a green or blue output beam with high beam quality. The
core component of an argon ion laser is an argon-ﬁlled tube made of ceramics,
for example, beryllium oxide, in which an intense electrical discharge between
two hollow electrodes generates a plasma with a high density of argon (Ar+) ions.
A solenoid around the tube (not shown in Figure 1.13) is used for generating a
magnetic ﬁeld, which increases output power of the beam by magnetic conﬁnement",475
235,laser_physics.pdf,17,"magnetic ﬁeld, which increases output power of the beam by magnetic conﬁnement
of the plasma near the tube axis.
A typical device, containing a tube with a length of the order of 1 m, can
generate 2.5–5 W of output power of laser beam in the green spectral region at
514.5 nm, using several tens of kilowatts of electric power. The dissipated heat
is removed with a chilled water ﬂow around the tube. The laser can be switched",426
236,laser_physics.pdf,17,"is removed with a chilled water ﬂow around the tube. The laser can be switched
to other wavelengths such as 457.9 nm (blue), 488.0 nm (blue–green), or 351 nm
(ultraviolet) by rotating the intracavity prism. The highest output power is achieved
on the standard 514.5 nm line. Without an intracavity prism, argon ion lasers have a
tendency for multiline operation with simultaneous output at various wavelengths.
1.2.2.2.2
Working of Ar Ion Laser",444
237,laser_physics.pdf,17,"1.2.2.2.2
Working of Ar Ion Laser
The argon ion laser is a four level laser, which facilitates to achieve population
inversion and low threshold for lasing. The neutral argon atoms ﬁlled between
two hollow electrodes inside the plasma tube (Figure 1.13) are pumped to the 4p
energy level by two steps of collisions with electrons in the plasma. The ﬁrst step
ionizes atoms to make ions in the 3p (E1) state, and the second one excites these",440
238,laser_physics.pdf,17,"ionizes atoms to make ions in the 3p (E1) state, and the second one excites these
ions from the ground state E1 either directly to the 4p4 levels (E3) or to the 4p2
levels (E4), from which it cascades almost immediately to the 4p2 (E3). The 4p ions",248
239,laser_physics.pdf,18,"18
1 Lasers: Fundamentals, Types, and Operations
Ionization
Electron - ion
recombination by
collision
3/2
1/2
7/2
5/2
3/2
1/2
5/2
3/2
3/2
1/2
½
Ar ion
ground state
Ar atom
ground state
Radiative decay ≈ 72 nm
4P4D0
4P2S0
4P2P0
4P2D0
4S2P
528.7
514.5
457.9
454.5
465.0
472.0
488.0
496.5
478.5
Figure 1.15
Energy level diagram for argon ion laser system.
eventually decay to 4s levels (E2), either spontaneously or when stimulated to do so",437
240,laser_physics.pdf,18,"eventually decay to 4s levels (E2), either spontaneously or when stimulated to do so
by a photon of appropriate energy. The wavelength of the photon depends on the
speciﬁc energy levels involved and lies in between 400 and 600 nm. The ion decays
spontaneously from 4s to the ground state, emitting a deep ultraviolet photon of
about 72 nm. There are many competing emission bands as shown in Figure 1.15.
These can be preferentially selected using a prism in front of one of the end",482
241,laser_physics.pdf,18,"These can be preferentially selected using a prism in front of one of the end
mirrors. This prism selects a speciﬁc wavelength to send it back through the cavity
to stimulate identical emissions, which stimulates more and more emissions and
make regenerative process. This facilitates laser to operate at a single wavelength.
Removal of the prism allows for broadband operation, that is, several wavelengths
are kept rather than keeping only a particular wavelength. The mirrors reﬂect a",487
242,laser_physics.pdf,18,"are kept rather than keeping only a particular wavelength. The mirrors reﬂect a
number of lines within a maximum range of about 70 nm. Energy level diagram
showing various transitions of Ar ion laser is illustrated in Figure 1.15.
1.2.2.3
Molecular Laser
Unlike isolated atoms and ions in atomic and ionic lasers, molecules have wide
energy bands instead of discrete energy levels. They have electronic, vibrational,",416
243,laser_physics.pdf,19,"1.2 Types of Laser and Their Operations
19
and rotational energy levels. Each electronic energy level has a large number of
vibrational levels assigned as V, and each vibrational level has a number of rotational
levels assigned as J. Energy separation between electronic energy levels lies in the
UV and visible spectral ranges, while those of vibrational–rotational (separations
between two rotational levels of the same vibrational level or a rotational level of",464
244,laser_physics.pdf,19,"between two rotational levels of the same vibrational level or a rotational level of
one vibrational level to a rotational level from other lower vibrational level) levels,
in the NIR and far-IR regions. Therefore, most of the molecular lasers operate in
the NIR or far-IR regions.
1.2.2.3.1
Carbon Dioxide (CO2) Laser
Carbon dioxide is the most efﬁcient molecular gas laser material that exhibits for a
high power and high efﬁciency gas laser at infrared wavelength. It offers maximum",485
245,laser_physics.pdf,19,"high power and high efﬁciency gas laser at infrared wavelength. It offers maximum
industrial applications including cutting, drilling, welding, and so on. It is widely
used in the laser pyrolysis method of nanomaterials processing. Carbon dioxide is
a symmetric molecule (O=C=O) having three (i) symmetric stretching [i00], (ii)
bending [0j0], and (iii) antisymmetric stretching [00k] modes of vibrations (inset
of Figure 1.16), where i, j, and k are integers. For example, energy level [002] of",495
246,laser_physics.pdf,19,"of Figure 1.16), where i, j, and k are integers. For example, energy level [002] of
molecules represents that it is in the pure asymmetric stretching mode with 2
units of energy. Very similar to the role of He in He–Ne laser, N2 is used as
intermediately in CO2 lasers. The ﬁrst, V = 1, vibrational level of N2 molecule
lies close to the (001) vibrational level of CO2 molecules. The energy difference
between vibrational levels of N2 and CO2 in CO2 laser is much smaller (0.3 eV)",480
247,laser_physics.pdf,19,"between vibrational levels of N2 and CO2 in CO2 laser is much smaller (0.3 eV)
as compared to the difference between the energy levels of He and Ne (20 eV) in
He–Ne laser; therefore comparatively larger number of electrons in the discharge
tube of CO2 laser having energies higher than 0.3 eV are present. In addition to
Collisions
Nitrogen
Carbon dioxide
0.4
0.3
0.2
0.1
Pumping
V = 1
Energy (eV)
Laser transitions
Collisions
Collisional deactivation
(via helium) and
radiative decay",484
248,laser_physics.pdf,19,"Energy (eV)
Laser transitions
Collisions
Collisional deactivation
(via helium) and
radiative decay
Collisional deactivation
(via helium) and
radiative decay
P10
R10
001
9.6 μm
10.6 μm
100
020
010
10
11
9
1
Figure 1.16
(a) Absorption, emission curves, and (b) energy level diagram of dye laser
system.",300
249,laser_physics.pdf,20,"20
1 Lasers: Fundamentals, Types, and Operations
this, V = 1 state of N2 is metastable, which provides longer time for the collision
between excited N2 molecules and the ground state CO2 molecules to excite them
to (001) state. These two favorable conditions make it easy to attain high level of
population inversion between 001 and 100, and 020 vibrational states of CO2.
Transitions between 001 initial level to 100 and 020 ﬁnal vibrational states make",454
250,laser_physics.pdf,20,"Transitions between 001 initial level to 100 and 020 ﬁnal vibrational states make
stimulated emissions of several IR radiations between 9.2 and 10.6 μm wavelengths.
Helium gas is also mixed in the gas mixture in order to increase efﬁciency of lasing.
Helium helps in transporting waste heats to the tube wall and de-exciting (100) and
(020) energy levels by collision process. The amounts of N2, CO2, and He in CO2
laser depends on the type and application of system, but usually, the amount of",494
251,laser_physics.pdf,20,"laser depends on the type and application of system, but usually, the amount of
nitrogen and CO2 molecules are comparable, while helium concentration is higher
than either. Low pressure (∼10 Torr) is generally used for CW lasers, while quite
higher pressure is used for high-energy and pulsed laser applications. Depending
on power level and beam quality of CO2 lasers, various internal structures are
being used, and they are called sealed tube laser, gas ﬂow laser, transversally excited",489
252,laser_physics.pdf,20,"being used, and they are called sealed tube laser, gas ﬂow laser, transversally excited
atmospheric (TEA) laser, and gas dynamic laser. Detailed discussions of these are
beyond the scope of the book, although interested readers may consult Ref. [4].
In the far-IR region of 10 μm wavelength, the usual optical material has large
absorbance and therefore cannot be used as windows and reﬂecting mirrors in the
cavity. Materials such as Ge, GaAs, ZnS, ZnSe, and some alkali halides having",486
253,laser_physics.pdf,20,"cavity. Materials such as Ge, GaAs, ZnS, ZnSe, and some alkali halides having
transparency in the IR region are used.
1.2.2.3.2
Nitrogen Laser
Lasing transition in N2 laser takes place between two electronic energy levels,
therefore this laser operates in the ultraviolet region at 337 nm wavelength. Here,
upper electronic level has a shorter lifetime compared to the lower one, hence CW
operation cannot be achieved, but pulsed operation with narrow pulse width is",466
254,laser_physics.pdf,20,"operation cannot be achieved, but pulsed operation with narrow pulse width is
possible. The pulse width is narrow because as soon as lasing starts, population of
the lower state increases, while that at upper state decreases and rapidly a state at
which no lasing is possible is rapidly achieved. Such a laser system is known as
self-terminating.
1.2.2.3.3
Excimer Lasers
Excimers are molecules such as ArF, KrF, XeCl, and so on, that have repulsive",449
255,laser_physics.pdf,20,"Excimer Lasers
Excimers are molecules such as ArF, KrF, XeCl, and so on, that have repulsive
or dissociating ground states and are stable in their ﬁrst excited state. Usually,
there are less number of molecules in the ground state; therefore direct pumping
from ground state is not possible. Molecules directly form in the ﬁrst excited
electronic state by the combination of energetic halide and rare gas ions. Condition
of population inversion can be easily achieved because the number of molecules",499
256,laser_physics.pdf,20,"of population inversion can be easily achieved because the number of molecules
in the ground state is too low as compared to that in the excited state. Lasing
action is done by transition from bound excited electronic state to the dissociative
ground state. Population in the ground state always remains low because molecules
dissociate into atoms at this point. Usually a mixture of halide such as F2 and rare
gas such as Ar is ﬁlled into the discharge tube. Electrons in the discharge tube",491
257,laser_physics.pdf,20,"gas such as Ar is ﬁlled into the discharge tube. Electrons in the discharge tube
dissociate and ionize halide molecules and create negative halide ions. Positive",161
258,laser_physics.pdf,21,"1.2 Types of Laser and Their Operations
21
Ar+ and negative F−ions react to produce ArF∗molecules in the ﬁrst excited
bound state, followed by their transition to the repulsive ground state to commence
lasing action. Various excimer lasers are developed in the wavelength range of
120–500 nm with 20−15% efﬁciency and up to 1 J peak and 200 W average powers.
These lasers are widely used in materials processing and characterizations as well
as for the pumping of dye lasers.
1.2.3
Liquid Laser",494
259,laser_physics.pdf,21,"as for the pumping of dye lasers.
1.2.3
Liquid Laser
Liquids are more homogeneous as compared to solids and have larger density of
active atoms as compared to the gasses. In addition to these, they do not offer any
fabrication difﬁculties, offer simple circulation ways for transportation of heat from
cavity, and can be easily replaced. Organic dyes such DCM (4-dicyanomethylene-
2-methyl-6-p-dimethylaminostyryl-4H-pyran), rhodamine, styryl, LDS, coumarin,",458
260,laser_physics.pdf,21,"2-methyl-6-p-dimethylaminostyryl-4H-pyran), rhodamine, styryl, LDS, coumarin,
stilbene, and so on, dissolved in appropriate solvents act as gain media. When
the solution of dye molecules is optically excited by a wavelength of radiation
with good absorption coefﬁcient, it emits radiation of longer wavelength, known
as ﬂuorescence. The energy difference between absorbed and emitted photons
is mostly used by nonradiative transitions and creates heat in the system. The",470
261,laser_physics.pdf,21,"is mostly used by nonradiative transitions and creates heat in the system. The
broader ﬂuorescence band in dye/liquid lasers facinates them with the unique
feature of wavelength tuning. Organic dye lasers, as tunable and coherent light
sources, are becoming increasingly important in spectroscopy, holography, and
in biomedical applications. A recent important application of dye lasers involves
isotope separation. Here, the laser is used to selectively excite one of several",476
262,laser_physics.pdf,21,"isotope separation. Here, the laser is used to selectively excite one of several
isotopes, thereby inducing the desired isotope to undergo a chemical reaction
more readily. The dye molecules have singlet (S0, S1, and S2) and triplet (T1 and
T2) group of states with ﬁne energy levels in each of them (Figure 1.17). Singlet
450
500
550
600
Absorption band
Triplet 
absorption
band
Emission band
Emission and absorption
Wavelength (nm)
Emission
Excitation
Forbidden
Absorption
Absorption
Single states",499
263,laser_physics.pdf,21,"Wavelength (nm)
Emission
Excitation
Forbidden
Absorption
Absorption
Single states
Triplet states
Increasing energy
S0
S1
S2
A
a
B
b
T2
T1
Intersystem
crossing
Characteristic
lifetimes
B → a 5 × 10−5 s
B → T 5 × 10−0 s
T → S 10−7 to 10−3 s
λ
(a)
(b)
Figure 1.17
Energy level diagram for carbon dioxide (molecular) laser system. Inset shows
three mode of vibration of CO2 molecule.",379
264,laser_physics.pdf,22,"22
1 Lasers: Fundamentals, Types, and Operations
and triplet states correspond to the zero and unit values of total spin momentum
of electrons, respectively. According to selection rules for transitions in quantum
mechanics, singlet–triplet and triplet–singlet transitions are quite less probable
as compared to the transitions between two singlet or two triplet states. Optical
pumping of dye molecules initially at the bottom of S0 state transfers them to the",461
265,laser_physics.pdf,22,"pumping of dye molecules initially at the bottom of S0 state transfers them to the
top of S1 state. Collisional relaxation of these molecules takes them to the bottom
of S1 state, from where they transit to the top of S0 state with stimulated emission
of radiation. Most of the states in the complex systems are usually neither pure
singlet nor pure triplet. Singlet states have small contribution of triplet and vice",417
266,laser_physics.pdf,22,"singlet nor pure triplet. Singlet states have small contribution of triplet and vice
versa. In the case of most of the dye molecules, unfortunately, T1 state lies just
below the S1, therefore few molecules transit from S1 to T1 by losing some energy
through nonradiative transitions. Difference between T1 and T2 states is almost
same as the wavelength of lasing transition, therefore emitted lasing radiation gets
absorbed, which reduces laser gain and may cease the laser action. Therefore, some",497
267,laser_physics.pdf,22,"absorbed, which reduces laser gain and may cease the laser action. Therefore, some
of the dye lasers operate in the pulsed mode with the pulse duration shorter than
the time required to attain a signiﬁcant population in the state T1. Some of the
dyes also absorb laser radiation corresponding to the transition from S1 to upper
singlet transitions. Therefore, one should select the dye molecule so that energy
differences between these states do not lie between the ranges of laser radiation.
1.3",496
268,laser_physics.pdf,22,"differences between these states do not lie between the ranges of laser radiation.
1.3
Methods of Producing EUV/VUV, X-Ray Laser Beams
EUV and VUV coherent light sources, that is, EUV/VUV lasers, are in high demand
in order to continue the validity of Moore’s law in future, in the high-density data
writing on disks, materials synthesis and characterizations, and spectroscopic in-
vestigations. For example, in photolithography for making the micro/nanopatterns",463
269,laser_physics.pdf,22,"vestigations. For example, in photolithography for making the micro/nanopatterns
on microelectronic chips, the width of the pattern is proportional to the wavelength
of laser light used. Therefore, we would reach a limit for further miniaturization
of electronic devices, which causes failure of the well-known Moore’s law if shorter
wavelength lasers would not be developed. Similarly, for data writing on the optical",418
270,laser_physics.pdf,22,"wavelength lasers would not be developed. Similarly, for data writing on the optical
discs, if we have shorter wavelength lasers, larger amount of data can be written
on the same size of disc. In addition to these, such sources are the future of
3D high-density data writing, microscopy at the atomic scale, crystallography, and
medical sciences. Following are the methods for developing short wavelength lasers.
1.3.1
Free Electron Lasers (FEL)",445
271,laser_physics.pdf,22,"1.3.1
Free Electron Lasers (FEL)
In contrast to the other laser sources, free electron lasers (FELs) have an active
medium that consists of a beam of free electrons, propagating at relativistic
velocities in a spatially periodic magnet (undulator). Here, electrons experience the
Lorentz force, execute transverse oscillations, and emit synchrotron radiation in
the forward direction (Figure 1.18). We know that an accelerated charged particle",443
272,laser_physics.pdf,23,"1.3 Methods of Producing EUV/VUV, X-Ray Laser Beams
23
Laser
Laser
Mirror
Mirror
Bending magnet
Magnetic
field
Bending magnet
Accelerator
Bunching
Electron beam
Electron beam
Electric
current
Undulator
Force
Figure 1.18
Construction geometry of free electron laser system.
moving with relativistic velocity emits radiation, which may be considered as
spontaneous. The emitted spontaneous radiation interacts with the electron beam",430
273,laser_physics.pdf,23,"spontaneous. The emitted spontaneous radiation interacts with the electron beam
in order to stimulate laser radiation. Since electric ﬁeld of light is perpendicular to
the direction of its propagation, electrons cannot interact with photons unless they
also have a velocity component parallel to the light electric ﬁeld. Hence, electron
beam is allowed to travel through wiggler magnet, which generates a spatially
periodic magnetic ﬁeld along the direction of propagation of electron beam. After",496
274,laser_physics.pdf,23,"periodic magnetic ﬁeld along the direction of propagation of electron beam. After
passing through such ﬁeld, electrons undergo transverse oscillations as shown
in Figure 1.18. In the present case, wavelength of emitted radiation is given by
the expression λ = λu/2γ 2 where λu is the undulator length and γ is the ratio of
total electron energy to its rest energy. Similar to other lasers, emitted radiation
oscillates between two mirrors of the laser cavity and interacts with the electron",490
275,laser_physics.pdf,23,"oscillates between two mirrors of the laser cavity and interacts with the electron
beam to enhance power of the laser radiation before leaving the cavity as laser
output. Since mirrors have very low reﬂectivity in the X-ray region, therefore there
is severe problem in achieving intense X-ray laser beam. In another mechanism
known as self-ampliﬁed stimulated emission (SASE), radiation of the spontaneous
emission from relativistic electron interacts with the same electron to stimulate it",490
276,laser_physics.pdf,23,"emission from relativistic electron interacts with the same electron to stimulate it
for stimulated emission. Following are the salient features of FELs.
1)
Tunability: FELs generate coherent, high-power radiation that is widely tun-
able, currently ranging in wavelength from microwaves, through terahertz
radiation and infrared, to the visible spectrum, to soft X-rays. They have the
widest frequency range of any laser type. Wavelength of FELs can be easily",460
277,laser_physics.pdf,23,"widest frequency range of any laser type. Wavelength of FELs can be easily
tuned by varying electron energy and period and amplitude of magnetic ﬁeld.
More shorter wavelength can be produced by harmonic generation.",214
278,laser_physics.pdf,24,"24
1 Lasers: Fundamentals, Types, and Operations
2)
Pulse duration: Based on the electron beam time structure pulse duration
ranges from CW to ultrashort pulsed regime (fraction of picoseconds)
3)
Coherence: It is transverse and longitudinal for oscillators and coherent seed
ampliﬁers, while only transverse for SASE
4)
Brilliance: Depending on the status of the art of the electron beam technology,
the FEL brilliance can be larger, in some spectral regions (in particular in",477
279,laser_physics.pdf,24,"the FEL brilliance can be larger, in some spectral regions (in particular in
VUV-X), by many orders of magnitude than the brilliance of the existing
sources (lasers and synchrotron radiation).
We do not go into much details, but interested readers are referred to Refs.
[6–11].
1.3.2
X-Ray Lasers
X-ray lasers provide coherent beam of electromagnetic radiation with the wave-
length range from ∼30 nm down to ∼0.01 nm. The ﬁrst X-ray laser beam was",448
280,laser_physics.pdf,24,"length range from ∼30 nm down to ∼0.01 nm. The ﬁrst X-ray laser beam was
initiated in 1980 by underground nuclear explosion at Nevada test site, while the
ﬁrst laboratory demonstration of X-ray laser was made in 1984 in the form of
Nova laser. Most of the experimental demonstration of light ampliﬁcation in this
spectral range has come from the high-density plasma produced by interaction of
high-energy laser with the solid target. Like the above case of FEL, unavailability",476
281,laser_physics.pdf,24,"high-energy laser with the solid target. Like the above case of FEL, unavailability
of good-quality of cavity mirrors has utilized the mechanism of SASE in X-ray
lasers. In such case intensity of the laser beam depends on the ampliﬁer length.
Gain of the active medium depends on the mass and temperature of the ions
and multiplicity and population of the upper/lower levels. Most of the X-ray lasers
utilize transitions among L, M, N, and so on, shells of highly ionized atoms. The",482
282,laser_physics.pdf,24,"utilize transitions among L, M, N, and so on, shells of highly ionized atoms. The
short life times of the excited states (picoseconds) require very large pumping
rates in order to achieve and maintain the condition of population inversion.
Laser produced plasmas (LPPs) have high electron temperatures (∼0.1–1.0 keV)
and densities (∼1018–21 cm−3), which is required for higher degree of ionization
and excitation in X-ray lasers. Therefore LPPs are used as primary medium for",475
283,laser_physics.pdf,24,"and excitation in X-ray lasers. Therefore LPPs are used as primary medium for
X-ray lasers. In addition to these, LPPs have uniform density and temperature and
thus can provide good media for ampliﬁcation and propagation of X-rays. Of the
various processes suggested, two main (i) collisional excitation and (ii) electron
recombination are responsible for attaining the population inversion condition. In
case of collisional excitation upper state of the lasing has lower probability of decay",492
284,laser_physics.pdf,24,"case of collisional excitation upper state of the lasing has lower probability of decay
with dipole radiation, compared to the lower state, which creates the condition
of population inversion between them. In contrast, the rate of population at any
state by three-body recombination process is proportional to the forth power of the
principle quantum number. The combination of preferential population of upper
levels and fast radiative decay of lower states leads to an inversion amongt the",491
285,laser_physics.pdf,24,"levels and fast radiative decay of lower states leads to an inversion amongt the
N = 2, 3, 4, . . . states [12].",112
286,laser_physics.pdf,25,"1.3 Methods of Producing EUV/VUV, X-Ray Laser Beams
25
1.3.3
EUV/VUV Lasers through Higher Harmonic Generation
Higher harmonic generation (HHG) is a nonlinear optical process used for the
generation of shorter wavelength laser light from the interaction of high-intensity
longer wavelength lasers source with nonlinear optical medium. The obtained new
frequencies are integral multiples (nω) of the fundamental (ω) frequency of original",436
287,laser_physics.pdf,25,"frequencies are integral multiples (nω) of the fundamental (ω) frequency of original
laser light. This phenomenon was ﬁrst observed in 1961 by Franken et al. [13] with
ruby laser and quartz as nonlinear medium. The ﬁrst HHG result was found in
1988, which shows that intensity of the spectra decreases with the increase of order,
reaches a plateau, where the intensity remains constant for several orders, and
ﬁnally ends abruptly at a position called high harmonic cutoff . They are portable",492
288,laser_physics.pdf,25,"ﬁnally ends abruptly at a position called high harmonic cutoff . They are portable
sources of EUV/soft X-rays, synchronized with the fundamental laser and operated
at the same frequencies with much shorter pulse width. These are more spatially
coherent compared to X-ray lasers and cheaper than FELs. The harmonic cutoff
increases linearly with increasing laser intensity up to the saturation intensity
Isat where harmonic generation stops. The saturation intensity can be increased",482
289,laser_physics.pdf,25,"Isat where harmonic generation stops. The saturation intensity can be increased
by changing the atomic intensities of lighter noble gases, but these have lower
conversion efﬁciency. HHG strongly depends on the driving laser ﬁeld; therefore
the produced harmonics have similar spatial and temporal coherence. Owing to
the phase matching and ionization conditions required for HHG, the produced
new pulses are with shorter pulse duration compared to the driving laser. Mostly,",474
290,laser_physics.pdf,25,"new pulses are with shorter pulse duration compared to the driving laser. Mostly,
harmonics are produced in very short time frame, when phase matching condition
is satisﬁed. Instead of shorter temporal window, they emit colinearly with the
driving laser pulse and have very tight angular conﬁnement. Gaseous media and
LPP on the solid surfaces are two sources used as nonlinear active media for the
generation of harmonics.
The shortest wavelength producible with the harmonic generation is given",496
291,laser_physics.pdf,25,"generation of harmonics.
The shortest wavelength producible with the harmonic generation is given
by cutoff of the plateau, which is given by the maximum energy gained by
ionized electron from the light electric ﬁeld. The energy of cutoff is given by
Emax = IP + 3.17UP, where UP is the pondermotive potential from the laser ﬁeld
and IP is the ionization potential. It is assumed that electron is initially produced
by ionization into the continuum with zero initial velocity and is accelerated by",497
292,laser_physics.pdf,25,"by ionization into the continuum with zero initial velocity and is accelerated by
the laser electric ﬁeld. After half period of the laser electric ﬁeld, direction of
motion of electron is reversed and it is accelerated back to the parent nuclei. After
attaining high kinetic energy of the order of hundreds of electron volts (depending
on the intensity of laser ﬁeld), when electron enters into the parent nuclei, it emits",422
293,laser_physics.pdf,25,"on the intensity of laser ﬁeld), when electron enters into the parent nuclei, it emits
Bremsstrahlung-like radiation during a recombination process with the atoms as it
returns back to the ground state. The three-step model of ionization, acceleration of
electron, and its recombination with parent nuclei by the emission of EUV photons
is shown in Figure 1.19.
Wide wavelength ranges of laser systems starting from hundreds of micrometers",439
294,laser_physics.pdf,25,"Wide wavelength ranges of laser systems starting from hundreds of micrometers
(molecular liquid lasers) to X-ray regions (FELs, X-ray lasers, and HHG lasers) with
CW and pulsed lasers having various pulse width from milliseconds to attoseconds
and repletion rates from single pulse to the megahertz are available nowadays.",322
295,laser_physics.pdf,26,"26
1 Lasers: Fundamentals, Types, and Operations
Propagation
x
0
wb
wEUV
Ionization
Energy
Laser electric field
tb
t
Recombination
Figure 1.19
Three-step model of ionization and acceleration of electron and its recombina-
tion with parent nuclei by the emission of EUV photons.
Figure 1.20 represents the spectrum of available laser system with wavelength
range and active media.
1.4
Properties of Laser Radiation
Light produced from the lasers have several valuable characteristics not shown by",495
296,laser_physics.pdf,26,"Light produced from the lasers have several valuable characteristics not shown by
light obtained from other conventional light sources, which make them suitable
for a variety of scientiﬁc and technological applications. Their monochromaticity,
directionality, laser line width, brightness, and coherence of laser light make them
highly important for various materials processing and characterization applications.
These properties are discussed separately in the following subsections.
1.4.1",491
297,laser_physics.pdf,26,"These properties are discussed separately in the following subsections.
1.4.1
Monochromaticity
Theoretically, waves of light with single frequency ν of vibration or single wave-
length λ is termed as single color or monochromatic light source. Practically, no
source of light including laser is ideally monochromatic. Monochromaticity is a
relative term. One source of light may be more monochromatic than others.
Quantitatively, degree of monochromaticity is characterized by the spread in fre-",495
298,laser_physics.pdf,26,"Quantitatively, degree of monochromaticity is characterized by the spread in fre-
quency of a line by 	ν, line width of the light source, or corresponding spread
in wavelength 	λ. For small value of 	λ, frequency spreading, 	ν, is given as
	ν = −(c/λ2)	λ and 	λ = (c/ν2). The most important property of laser is its
spectacular monochromaticity. Based on the type of laser media, solid, liquid, or
gas and molecular, atomic, or ions, and the type of excitation, produced laser line",481
299,laser_physics.pdf,26,"gas and molecular, atomic, or ions, and the type of excitation, produced laser line
consists of color bands that range from broad (as dye laser 	λ ∼200) to narrow
(for gas discharge lines, 	λ ∼0.01 nm). Utilizing suitable ﬁlters one can get the
monochromaticity as good as a single line of lasing transition. But such a single
line also contains a set of closely spaced lines of discrete frequencies, known as laser",415
300,laser_physics.pdf,27,"1.4 Properties of Laser Radiation
27
Cr:fluoride
Alexandrite 780-850 nm
780-800 nm
Methanol 37.9, 70.5, 96.5, 118 μm
Methanol 571, 699 μm
CO2 10.6 μm
Methyl fluoride 496 μm
Methylamine 147.8 μm
Free electron lasers (From micro wave to Soft X-rays
X-ray lasers (soft & hard X-ray regions)
Higher harmonic generation sources (1 nm to higher)
F2 excimer 157 nm
KrF excimer 248 nm
ArF excimer 193 nm
Xecl excimer 308 nm
XeF excimer 351 nm
Nd:YAG (4th harmonic) 266 nm
Nd:YAG (tripled) 355 nm",487
301,laser_physics.pdf,27,"Xecl excimer 308 nm
XeF excimer 351 nm
Nd:YAG (4th harmonic) 266 nm
Nd:YAG (tripled) 355 nm
Nd:YAG (doubled) 532 nm
Nd:YAG 946 nm
Er:glass 1.54  μm
Er:YSG 2.90, 2.94 μm
Er:YSGG 2.79 μm
Tm:YAG 2.01 μm
Ho:YAG 2.08 μm
Nd:YAG 1319 nm
Nd:YAG 1064 nm
(other hosts 1047-1079 nm)
Nd:YAG (5th harmonic) 213 nm
He-Ag+ 224.3 nm
Krcl excimer 222 nm
Nitrogen 337.1 nm
He-Cd 325 nm
He-Ne 543.5 nm
He-Ne 632.8 nm
He-Ne 1523 nm
He-Ne 3.391 μm
He-Ne 1152 nm
He-Ne 611.9 nm
He-Ne 594.1 nm
He-Cd 441.6 nm",485
302,laser_physics.pdf,27,"He-Ne 1523 nm
He-Ne 3.391 μm
He-Ne 1152 nm
He-Ne 611.9 nm
He-Ne 594.1 nm
He-Cd 441.6 nm
Ruby (doubled) 347 nm
Ruby 694.3 nm
Ar+ 351 nm
Ar+ 488.0 nm
Ar+ 514.5.nm
Kr+ 647.1.nm
Ne+ 332.4 nm
Copper vapor 510.5 nm
Gold vapor 628 nm
Copper vapor 578.2 nm
Xe3+ 539.5 nm
Iodine 1315 nm
FAR-IR
1-200 nm
200 nm
300 nm
400 nm
500 nm
Visible
600 nm
700 nm
800 nm
900 nm
1 μm
3 μm
10 μm 30 μm
1 m
Ultraviolet
Near-infrared
Mid-infrared
Pb salts
3.3-27 μm
Ti:sapphire
(tripled)
235-330 nm
He-Au+
Ne-Cu+ 282-292 nm",499
303,laser_physics.pdf,27,"Mid-infrared
Pb salts
3.3-27 μm
Ti:sapphire
(tripled)
235-330 nm
He-Au+
Ne-Cu+ 282-292 nm
248-270 nm
CO2
CO2(doubled)
5-7 μm 
9.2-11.4 μm
CO
4.6-5.8 μm 
Xe-He
2-4 μm
HF chemical
2.6-3.0 μm
DF chemical
3.6-4.0 μm
InGaAs
GaAlAs
InGaAlP
InGaN
370-493 nm
InGaAs
904-1065 nm
1.43-1.57 μm
1.27-1.33 μm
1.13-1.36 μm
Fosterite
Ti:sapphire
Ti:sapphire
(doubled)
360-460 nm
Cr:fluoride
Alexandrite
Alexandrite
(doubled)
360-400 nm
670-1130 nm
780-850 nm
780-800 nm
AlGaln/AsSb
1.87-2.2 μm
750-850 nm",489
304,laser_physics.pdf,27,"(doubled)
360-400 nm
670-1130 nm
780-850 nm
780-800 nm
AlGaln/AsSb
1.87-2.2 μm
750-850 nm
630-685 nm
Dyes
Dyes in
polymer
550-700 nm
0.38-1.0 μm
Dyes (doubled)
0.2-0.4 μm
Figure 1.20
Spectrum of available laser systems, their wavelength range and active media.",260
305,laser_physics.pdf,28,"28
1 Lasers: Fundamentals, Types, and Operations
modes (Figure 1.5). Suppressing all other modes excluding the central intense mode
using mode locking one can increase monochromaticity of laser line. Suppressing
of modes is possible by increasing the separation (	νsep = c/2L) between two
modes, which can be done by reducing the cavity length. When the axial mode sep-
aration approaches the line width, 	ν, of the lasing transition it is possible that only",458
306,laser_physics.pdf,28,"aration approaches the line width, 	ν, of the lasing transition it is possible that only
single mode oscillates. Now, the line width of the laser is equal to that of the single
longitudinal mode, which is too narrow. The width of the laser line is directly related
to the quality factor Q of the cavity and is given by Q = ν/	ν. The quality factor
Q actually deﬁnes (Q = 2π × energy stored in the resonator at resonance/energy",426
307,laser_physics.pdf,28,"Q actually deﬁnes (Q = 2π × energy stored in the resonator at resonance/energy
dissipated per cycle) the ratio of energy stored in the cavity at resonance condition
and energy dissipated per cycle. High degree of monochromaticity of laser line
is required in the diagnosis of closely spaced rotational levels of molecules using
selective excitation of that level. The laser line would be absolutely monochromatic
if it is oscillating with single frequency, that is, width of the laser line is zero",497
308,laser_physics.pdf,28,"if it is oscillating with single frequency, that is, width of the laser line is zero
(	ν = 0). The single-mode laser has the highest degree of monochromaticity, but
it has also not achieved the ideal monochromaticity condition.
1.4.2
Directionality
One of the most striking properties of laser is its directionality, that is, its output is
in the form of an almost parallel beam. Owing to its directional nature it can carry",424
309,laser_physics.pdf,28,"in the form of an almost parallel beam. Owing to its directional nature it can carry
energy and data to very long distances for remote diagnosis and communication
purposes. In contrast, conventional light sources emit radiation isotropically;
therefore, very small amount of energy can be collected using lens. Beam of an
ideal laser is perfectly parallel, and its diameter at the exit window should be same
to that after traveling very long distances, although in reality, it is impossible to",493
310,laser_physics.pdf,28,"to that after traveling very long distances, although in reality, it is impossible to
achieve. Deviation in the parallelism of practical laser beam from the ideal is not
due to any fault in the laser design, but due to diffraction from the edges of mirrors
and windows. From the theory of diffraction, we know that circular aperture has
angle of diffraction given by θ = sin−1(1.22λ/D). The spreading of the beam does
depend on the physical nature of aperture and on the type of transverse mode",494
311,laser_physics.pdf,28,"depend on the physical nature of aperture and on the type of transverse mode
oscillating inside the cavity. In the particular case of TEM00 mode oscillating inside
the nearly confocal cavity, the value of minimum diameter at the center of cavity
is given by w0 = (λr/2π)1/2, where r is the radius of curvature of cavity mirrors
(Figure 1.3). The beam diameter, w, varies with distance, z, from the point of
minimum diameter and is given by w = w0(2z/r). The beam radius at any point",482
312,laser_physics.pdf,28,"minimum diameter and is given by w = w0(2z/r). The beam radius at any point
inside and outside the cavity is determined by the distance from the cavity axis
where intensity reduces 1/e times of its maximum value.
1.4.3
Coherence
Coherence is one of the striking properties of the lasers, over other conven-
tional sources, which makes them useful for several scientiﬁc and technological",386
313,laser_physics.pdf,29,"1.4 Properties of Laser Radiation
29
applications. The basic meaning of coherence is that all the waves in the laser beam
remain spatially and temporarily in the same phase. Photons generated through
stimulated emission are in phase with the stimulating photons. For an ideal laser
system, electric ﬁeld of light waves at every point in the cross section of beam
follows the same trend with time. Such a beam is called spatially coherent. The",442
314,laser_physics.pdf,29,"follows the same trend with time. Such a beam is called spatially coherent. The
length of the beam up to which this statement is true is called coherence length (LC)
of the beam. Another type of coherence of the laser beam is temporal coherence,
which deﬁnes uniformity in the rate of change in the phase of laser light wave
at any point on the beam. The length of time frame up to which rate of phase
change at any point on the laser beam remains constant is known as coherence",478
315,laser_physics.pdf,29,"change at any point on the laser beam remains constant is known as coherence
time (tC). Let P1 and P2 be two points on the same laser beam at time t and t + τ.
The correlation function between phases at these two points is termed as mutual
coherence function, which is a complex number with magnitude between 0 and 1 (0
for completely incoherent beam and 1 for ideally coherent). Coherence time (tC) is
also deﬁned as the time taken by the atoms/molecules in active medium to emit a",482
316,laser_physics.pdf,29,"also deﬁned as the time taken by the atoms/molecules in active medium to emit a
light wave train of length LC. These two coherences are thus related by tC = LC/c.
The coherence time of the laser beam is almost inverse (tC ≃1/	ν) of the width,
	ν, of the laser transition. The lasers operating in the single mode (well-stabilized
lasers) have narrow line width, therefore they exhibit higher coherence time and
coherence length compared to those operating in multimode. Spatial and temporal",489
317,laser_physics.pdf,29,"coherence length compared to those operating in multimode. Spatial and temporal
coherences of continuous laser beams are much higher compared to those of
pulsed laser systems because temporal coherence in the pulse lasers are limited by
the presence of spikes within the pulse or ﬂuctuation in the frequency of emission.
1.4.4
Brightness
Lasers are more intense and brighter sources compared to other conventional
sources such as the sun. A 1 mW He–Ne laser, which is a highly directional",488
318,laser_physics.pdf,29,"sources such as the sun. A 1 mW He–Ne laser, which is a highly directional
low divergence laser source, is brighter than the sun, which is emitting radiation
isotropically. Brightness is deﬁned as power emitted per unit area per unit solid
angle. In the particular case of 1 mW He–Ne laser with 3.2 × 10−5 rad beam
divergence and 0.2 mm spot diameter at exit window the solid angle (π(3.2 × 10−5)2)
is 3.2 × 10−9 sr and spot area (π(2 × 10−4)2) at the exit window is 1.3 × 10−7m2.",480
319,laser_physics.pdf,29,"is 3.2 × 10−9 sr and spot area (π(2 × 10−4)2) at the exit window is 1.3 × 10−7m2.
Thus the brightness of the beam is given by ((1 × 10−3)/(1.3 × 10−7 m2 × 3.2 ×
10−9 sr)) = 2.4 × 1012 W/m−2 sr−1, which is almost 106 times brighter than the
sun (1.3 × 106 W/m−2 sr−1).
1.4.5
Focusing of Laser Beam
In practice, every laser system has some angle of divergence, which increases the
spot size of laser beam and reduces its brightness. If a convergent lens of suitable",463
320,laser_physics.pdf,29,"spot size of laser beam and reduces its brightness. If a convergent lens of suitable
focal length is inserted in the path of the laser beam, it focuses laser energy into",169
321,laser_physics.pdf,30,"30
1 Lasers: Fundamentals, Types, and Operations
small spot area at focal point. If wL is the radius of the beam and f is the focal
length of convergent lens, then radius of the spot at focal point is given as
rs = λf /πwL, where λ wavelength of laser radiation. If D is the lens diameter
and the whole aperture is illuminated by laser radiation (i.e., wL = D/2) then
rs = 2λf /πD or rs = 2λF/π, where F = f /D is f number of the lens.",435
322,laser_physics.pdf,30,"rs = 2λf /πD or rs = 2λF/π, where F = f /D is f number of the lens.
In the case of a particular Nd:YAG laser operating at 1064 nm wavelength and
35 mJ/pulse energy, and 10 ns pulse width. It is focused by a convex lens of
F = 5, and whole of the lens area is illuminated by laser. The spot diameter at
the focal point is given by rs = 2 × 1.064 × 10−6 × 5/π = 3.4 μm. The irradiance
of the laser beam is given by I = E(J)/pulse width (s) × (πr2
s ) = 35 × 10−3/(10 ×",466
323,laser_physics.pdf,30,"of the laser beam is given by I = E(J)/pulse width (s) × (πr2
s ) = 35 × 10−3/(10 ×
10−9 s × π(3.4 × 10−6)2) ≈1016 W m−2.
1.5
Modiﬁcation in Basic Laser Structure
Addition of some electronic, optical, or electro-optical systems between the active
media and mirror to modify the pulse width, pulse shape, and energy/pulse
and generation of integral multiple of laser frequency is important for advanced
technological applications. Mode locking or phase locking, Q-switching, pulse",479
324,laser_physics.pdf,30,"technological applications. Mode locking or phase locking, Q-switching, pulse
shaping, pulse compression and expansion, frequency multiplication, and so on,
are some commonly used methods in advanced laser technology.
1.5.1
Mode Locking
1.5.1.1
Basic Principle of Mode Locking
Mode locking is a technique in optics by which a laser can be made to produce light
pulses of extremely short duration of the order of picoseconds (10−12 s) or femtosec-",446
325,laser_physics.pdf,30,"pulses of extremely short duration of the order of picoseconds (10−12 s) or femtosec-
onds (10−15 s). The basis of this technique is to induce constant phase relationship
between the modes of laser cavity. Simply, same phase of δ can be chosen for all laser
modes. Such a laser is called mode-locked or phase-locked laser, which produces a train
of extremely narrow laser pulses separated by equal time intervals. Let N modes are",429
326,laser_physics.pdf,30,"of extremely narrow laser pulses separated by equal time intervals. Let N modes are
oscillating simultaneously in the laser cavity with (A0)n, ωn, and δn being the ampli-
tude, angular frequency, and phase of the nth mode. All these parameters vary with
time, therefore modes are incoherent. The output of such laser is a linear combi-
nation of n different modes and is given by A(t) = N
n=0 (A0)nei(ϖnt+δn) expression.",421
327,laser_physics.pdf,30,"nation of n different modes and is given by A(t) = N
n=0 (A0)nei(ϖnt+δn) expression.
For simplicity, frequency of the nth mode can be written as ωn = ω −n	ω, where
ωn is the mode with highest frequency and 	ω = cπ/L is the angular frequency
separation between two modes. If all the modes have same amplitude and we
force the various modes to maintain same relative phase δ to one another, that
is, we mode lock the laser such that δn = δ, then the expression for resultant",473
328,laser_physics.pdf,30,"is, we mode lock the laser such that δn = δ, then the expression for resultant
amplitude will be A(t) = A0ei(ϖt+δ) N
n=0 e−iπnct/L = A0ei(ϖt+δ)sin(Nφ/2)/sin(φ/2),
where φ = πct/L. The irradiance of the laser output is given by I(t) = A(t)A(t)∗=
A2
0sin2(Nφ/2)/sin2(φ/2), which is the periodic function of the period 	φ = 2π in",327
329,laser_physics.pdf,31,"1.5 Modiﬁcation in Basic Laser Structure
31
the time interval t = 2L/c (time of round-trip inside the cavity). The maximum
value of irradiance is N2A2
0 at φ = 0 or 2pπ (p is integer). Irradiance has zero
value for Nφ/2 = pπ, where p is an integer with values neither zero nor a multiple
of N. This makes φ = 2pπ/N = πct/L or t = (1/N)(2L/c)p. Therefore, separation
between two consecutive minima, that is, pulse width of a single laser pulse is",445
330,laser_physics.pdf,31,"between two consecutive minima, that is, pulse width of a single laser pulse is
	t = (1/N)(2L/c). Hence, the output of a mode-locked laser has sequence of short
pulses of pulse duration (1/N)(2L/c) separated in time by 2L/c. The ratio of pulse
separation to the pulse width is equal to the number of modes N, which shows that
there should be a large number of modes in the cavity in order to get high-power
short duration (picoseconds and femtoseconds) laser pulses.
1.5.1.2
Mode Locking Techniques",498
331,laser_physics.pdf,31,"short duration (picoseconds and femtoseconds) laser pulses.
1.5.1.2
Mode Locking Techniques
1.5.1.2.1
Active Mode Locking
We have discussed that mode locking is achieved by inducing the longitudinal
mode to attain the ﬁxed phase relationship, which may be exploited by varying the
loss of the laser cavity at a frequency equal to the intermode separation c/2L. Let us
consider a shutter between the active medium and output mirror, which is closed for",451
332,laser_physics.pdf,31,"consider a shutter between the active medium and output mirror, which is closed for
most of the time and is opened after every 2L/c seconds (corresponding to the time
of round-trip) and remains open for short duration of (1/N)(2L/c) seconds. If the
laser pulse train is as long as the shutter remains opened and arrives at the shutter
exactly at the time of its opening, the pulse train is unaffected by the presence of",419
333,laser_physics.pdf,31,"exactly at the time of its opening, the pulse train is unaffected by the presence of
shutter. The segment of the pulse, which arrives before opening and after closing
of the shutter, will be clipped. Thus phase relationship of the modes is maintained
by periodic oscillation of the shutter. An electro-optical or acousto-optical crystal
operating on the principle of Pockels or Kerr effect respectively, may be used as a
periodic shutter.",438
334,laser_physics.pdf,31,"periodic shutter.
In the former case of electro-optical switching, a polarizer and an electro-optical
crystal are arranged in between the active medium and laser exit mirror so that laser
beam passes through the polarizer before entering into the crystal. Laser light from
the active medium passes through the polarizer and gets plane polarized. When
this polarized beam passes twice through the crystal (with appropriate electric",430
335,laser_physics.pdf,31,"this polarized beam passes twice through the crystal (with appropriate electric
ﬁeld along the direction of light propagation) before returning to the polarizer,
the plane of polarization is rotated by an angle of 90◦, which does not allow the
light beam to enter into the active media through the polarizer. In other words, the
shutter is effectively closed. If there is no ﬁeld along the crystal in the direction of",417
336,laser_physics.pdf,31,"shutter is effectively closed. If there is no ﬁeld along the crystal in the direction of
propagation of light, there will be no rotation of the plane of polarization of light
and it can pass though the polarizer and enter into the active medium (shutter is
open). Similarly in acousto-optical switching, a 3D grating pattern is established
in a medium (water or glass, not active medium of lasing) by the incident and
reﬂected sound waves created by piezoelectric transducer attached at one end of",497
337,laser_physics.pdf,31,"reﬂected sound waves created by piezoelectric transducer attached at one end of
the medium. This grating diffracts a part of the laser beam and creates a high
loss.",164
338,laser_physics.pdf,32,"32
1 Lasers: Fundamentals, Types, and Operations
1.5.1.2.2
Passive Mode Locking
Passive mode locking method consists of placing a saturable absorber inside the
cavity. Saturable absorbers are molecules having a nonlinear decrease in absorption
coefﬁcients with the increase in the irradiance of light. The saturable absorber is
placed between active laser medium and mirror. If an intense pulse of light
passes through the saturable absorber placed inside the laser cavity, the low-power",487
339,laser_physics.pdf,32,"passes through the saturable absorber placed inside the laser cavity, the low-power
tails (weaker modes) of the pulse are absorbed because of the absorption of dye
molecules. The high-power peak of the pulse is, however, transmitted because the
dye is bleached. Owing to this nonlinear absorption, the shortest and most intense
ﬂuctuation grows, while the weaker dies out.
1.5.2
Q-Switching
Q-switching, sometimes known as giant pulse formation, is a technique by which",469
340,laser_physics.pdf,32,"1.5.2
Q-Switching
Q-switching, sometimes known as giant pulse formation, is a technique by which
a laser can be made to produce a pulsed output beam. The technique allows the
production of light pulses with extremely high (of the order of approximately
gigawatts) peak power, much higher than would be produced by the same laser if it
were operating in a CW mode. Compared to mode locking, another technique for
pulse generation with lasers, Q-switching leads to much lower pulse repetition rates,",497
341,laser_physics.pdf,32,"pulse generation with lasers, Q-switching leads to much lower pulse repetition rates,
much higher pulse energies, and much longer pulse durations. Both techniques are
sometimes applied at once. In contrast to mode locking, where we achieve a train
of pulses, Q-switching provides a single strong and short pulse of laser radiation.
Q-switching is achieved by putting a variable attenuator inside the laser’s op-
tical resonator. When the attenuator is functioning, light that leaves the gain",491
342,laser_physics.pdf,32,"tical resonator. When the attenuator is functioning, light that leaves the gain
medium does not return and lasing cannot begin. This attenuation inside the
cavity corresponds to a decrease in the Q factor or quality factor of the optical
resonator. A high Q factor corresponds to low resonator losses per round-trip,
and vice versa. The variable attenuator is commonly called a ‘‘Q-switch,’’ when
used for this purpose. Initially the laser medium is pumped while the Q-switch",475
343,laser_physics.pdf,32,"used for this purpose. Initially the laser medium is pumped while the Q-switch
is set to prevent feedback of light into the gain medium (producing an optical
resonator with low Q). This produces a population inversion, but laser operation
cannot yet occur since there is no feedback from the resonator. Since the rate of
stimulated emission is dependent on the amount of light entering the medium,
the amount of energy stored in the gain medium increases as the medium is",471
344,laser_physics.pdf,32,"the amount of energy stored in the gain medium increases as the medium is
pumped. Owing to losses from spontaneous emission and other processes, after
a certain time, the stored energy will reach some maximum level; the medium
is said to be gain saturated. At this point, the Q-switch device is quickly changed
from low to high Q, allowing feedback and the process of optical ampliﬁcation
by stimulated emission to begin. Because of the large amount of energy already",467
345,laser_physics.pdf,32,"by stimulated emission to begin. Because of the large amount of energy already
stored in the gain medium, the intensity of light in the laser resonator builds
up very quickly; this also causes the energy stored in the medium to be de-
pleted almost as quickly. The net result is a short pulse of light output from",313
346,laser_physics.pdf,33,"1.5 Modiﬁcation in Basic Laser Structure
33
the laser, known as a giant pulse, which may have very high peak intensity. Sim-
ilar to mode locking, active and passive techniques are used for Q-switching.
Electro-optical and opto-acoustic (active Q-switching) switches, and saturable ab-
sorbers (passive Q-switching) are used to prevent feedback signal into the active
media.
1.5.3
Pulse Shaping
Pulse shaping is a technique of optics, which modiﬁes temporal proﬁle of a pulse",475
347,laser_physics.pdf,33,"Pulse Shaping
Pulse shaping is a technique of optics, which modiﬁes temporal proﬁle of a pulse
from laser. It may lengthen or shorten pulse duration, can generate complex
pulses, or generate multiple pulses with femtosecond/picosecond separation from
a single laser pulse. A pulse shaper may act as a modulator. Modulating function
is applied on the input pulse to get the desired pulse. The modulating function
in pulse shapers may be in time or a frequency domain (obtained by Fourier",486
348,laser_physics.pdf,33,"in pulse shapers may be in time or a frequency domain (obtained by Fourier
transform of time proﬁle of pulse). In the pulse shaping methods optical signal
is converted into electronic signal, where the presence and absence of pulses
are designated by 1 and 0, respectively. There are two well-known pulse shap-
ing techniques (i) direct space to time pulse shaper (DST-PS) and (ii) Fourier
transform pulse shaper (FT-PS). In DST-PS, electrical analog of the desired out-",470
349,laser_physics.pdf,33,"transform pulse shaper (FT-PS). In DST-PS, electrical analog of the desired out-
put signal is used as a modulator with the electrical analog of input pulses. In
contrast to DST-PS, the FT-PS uses a modulating function, which is a Fourier
transform of the required sequence. In other words, a speciﬁc temporal sequence
of pulses, the modulating function, is its Fourier transform and acts in frequency
domain.
Optical design is a common experimental arrangement consisting of a combi-",484
350,laser_physics.pdf,33,"domain.
Optical design is a common experimental arrangement consisting of a combi-
nation of two sets of grating, a pair of mirrors, a pair of convex lenses, and a
pulse shaper (see Figure 1.21a). By placing different types of optical components
we can design various types of laser pulses. For example, employing suitable
ﬁlter at focal plane can remove optical radiation of undesired frequency. A slab
of transparent material with varying thickness can offer different path lengths for",487
351,laser_physics.pdf,33,"of transparent material with varying thickness can offer different path lengths for
different frequency components and can decide which component of light will
come out ﬁrst. A concave lens at the focal plane provides longer path length for
higher frequency component, and vice versa (Figure 1.21b). This causes the lower
frequency component to come ﬁrst and the higher frequency one comparatively
later, resulting in positively chirped1) output pulse (frequency increases with time).",484
352,laser_physics.pdf,33,"later, resulting in positively chirped1) output pulse (frequency increases with time).
In contrast to this, a planoconvex or biconvex lens makes longer path length for
lower frequency, and vice versa, which makes higher frequency to come out ﬁrst
and shorter frequency after that, that is, negative chirped output. Both positive and
negative chirping lengthens the pulse duration, that is, stretching of the laser pulse.",420
353,laser_physics.pdf,33,"negative chirping lengthens the pulse duration, that is, stretching of the laser pulse.
Removing or reducing the chirp causes compression (reduction of pulse duration)
of the pulse.
1) Chirping is a mechanism by which different components of light frequency of a pulse from
laser comes out at different time. When frequency of light components of pulse increases
with time it is called positive chirping, decreases with time negative chirping and if constant
with time no chirping (un-chirped).",494
354,laser_physics.pdf,34,"34
1 Lasers: Fundamentals, Types, and Operations
Focal
plane
Focal
plane
Original
pulses
Original
pulses
Output
pulse
Grating
Grating
Grating
Grating
Focal
plane
Original
pulses
Output
pulse
Output
pulse
Grating
Grating
f
f
f
f
f
f
f
f
f
f
f
f
(a)
(c)
(b)
Figure 1.21
(a) Basic optical geometries for laser pulse shaping, (b) positive chirped, and
(c) negative chirped pulse shaping.
References
1. Wilson, J. and Hawkes, J.F.B. (eds)
(1987) Lasers: Principles and Applica-",472
355,laser_physics.pdf,34,"References
1. Wilson, J. and Hawkes, J.F.B. (eds)
(1987) Lasers: Principles and Applica-
tions, Prentice Hall Publications. ISBN:
013523697-5.
2. O’Shea, D.C., Callen, W.R., and Rhodes,
W.T. (eds) (1977) Introduction to Lasers
and their Applications, Addison-Wesley
Publishing Company, Inc., Philippines.
ISBN: 020105509-0.
3. Ifﬂander, R. (ed.) (2001) Solid State
Laser Material Processing: Fundamen-
tal Relations & Technical Realizations,
Springer-Verlag, Berlin, Heidelberg.
ISBN: 354066980-9.",497
356,laser_physics.pdf,34,"tal Relations & Technical Realizations,
Springer-Verlag, Berlin, Heidelberg.
ISBN: 354066980-9.
4. Weber, M.J. (ed.) (1991) Handbook of
Laser Science and Technology, CRC Press,
Boca Raton, FL, Ann Arbor, MI, Boston,
MA. ISBN: 084933506-X.
5. Letokhov, V.S., Shank, C.V., Shen, Y.R.,
and Walther, H. (eds) (1991) Interaction
of Intense Laser Light with Free Elec-
trons, M.V. Fedorov; Laser Science and
Technology and International Handbook,
Harwood Academic Publishers GmbH,",474
357,laser_physics.pdf,34,"Technology and International Handbook,
Harwood Academic Publishers GmbH,
Switzerland. ISBN-3718651262.
6. Dattoli, G. and Renieri, A. (1984) Ex-
perimental and theoretical aspects of
Free-Electron Lasers, in Laser Handbook,
vol. 4 (eds M.L. Stich and M.S. Bass),
North Holland, Amsterdam.
7. Marshall, J.C. (1985) Free Electron Lasers,
Mac Millan Publishing Company,
New York.
8. Luchini, P. and Motz, H. (1990) Undu-
lators and Free-Electron Lasers, Claredon
Press, Oxford.",474
358,laser_physics.pdf,34,"8. Luchini, P. and Motz, H. (1990) Undu-
lators and Free-Electron Lasers, Claredon
Press, Oxford.
9. Colson, W.B., Pellegrini, C., and
Renieri, A. (eds) (1990) Laser Hand-
book, Free-Electron Lasers, vol. 6, North
Holland, Amsterdam.
10. Brau, C.A. (1990) Free-Electron Lasers,
Academic Press, Oxford.
11. Dattoli, G., Renieri, A., and Torre, A.
(1995) Lectures in Free-Electron Laser The-
ory and Related Topics, World Scientiﬁc,
Singapore.
12. Dunn, J., Osterheld, A.L., Shepherd,",482
359,laser_physics.pdf,34,"ory and Related Topics, World Scientiﬁc,
Singapore.
12. Dunn, J., Osterheld, A.L., Shepherd,
R., White, W.E., Shlyaptsev, V.N., and
Stewart, R.E. (1998) Demonstration of
x-ray ampliﬁcation in transient gain
nickel-like palladium scheme. Phys. Rev.
Lett., 80 (13), 2825–2828.
13. Franken, P.A., Hill, A.E., Peters, C.W.,
and Weinreich, G. (1961) Generation
of optical harmonics. Phys. Rev. Lett., 7,
118.",403
360,Optical_Amplifiers.pdf,1,"OPTICAL 
AMPLIFIERS",19
361,Optical_Amplifiers.pdf,2,"Conventional Repeater/Amplifier Performs:
1. Photon to electron conversion
2. Electrical amplification
3. Retiming
4. Pulse shaping
5. Electron to photon conversion
This process woks well for moderate speed single wavelength operation.
This process is fairly complex and expensive for high speed multiple 
wavelength systems.
Optical amplifiers operate completely in the 
optical domain to boost the power levels of 
multiple lightwave signals over spectral bands of  
30 nm and more.",484
362,Optical_Amplifiers.pdf,3,"Three Fundamental Types of Optical Amplifiers:
1.Semiconductor optical amplifiers (SOAs)
2.Doped Fiber amplifiers (DFAs) or              
REDFAs (Rare Earth Doped Fibre Amplifiers)
3.Raman amplifiers
SOAs are based on the same operating principles as laser diodes i.e 
external pumping principles and gain mechanisms.
EDFAs are widely used in the C-band (1530 to 1560) for optical 
communication networks.
Wideband optical amplifiers that operate over several wavelength bands 
simultaneously.",493
363,Optical_Amplifiers.pdf,4,Optical fiber amplifier types:,30
364,Optical_Amplifiers.pdf,5,"Basic Applications and Types of Optical 
Amplifiers
Used in diverse applications ranging from:
Ultra-long undersea links
to  Short links acces network.
In long distance undersea and terrestrial point to point 
links the traffic patterns are relatively stable, so that 
input power levels to an optical amplifier do not vary 
significantly.
Optical amplifier used in metro and access network
need to be able to recovery quickly from rapid input 
power variations, due to the bursty nature of traffic.",499
365,Optical_Amplifiers.pdf,6,"General Applications
1. In-line optical amplifiers:
It can be used to compensate for transmission loss and to 
increase the distance between regenerative repeaters.
2. Preamplifier: Used as front-end premplifier for an 
optical receiver. Weak optical signal is amplified ahead of 
the photodetection process so that the signal-to-noise ratio 
degradation caused by thermal noise in the receiver 
electronics can be suppressed.",426
366,Optical_Amplifiers.pdf,7,"3. Power Amplifier: Placing an amplification device 
immediately after the optical transmitter gives a boost to 
the light level right at the beginning of a fiber link, and 
serves to increase the transmission distance by 10 to 100 
km depending on the amplifier gain and fiber loss. 
As an example, using this boosting technique together 
with an optical preamplifier at the receiving end can enable 
continuous underwater transmission distances of 200 to 
250 km.",465
367,Optical_Amplifiers.pdf,8,"Four possible applications of optical amplifiers: (a) in-line amplifier to increase 
transmission distance (b) preamplifier to improve receiver sensitivity, (c ) booster 
of transmitted power, (d) booster of signal level in a local area network.",245
368,Optical_Amplifiers.pdf,9,"1. For stimulated emission to occur, there must be a population 
inversion of carriers, which means that there are more electrons in an 
excited state than in the ground state.
2. population inversion is achieved by supplying external energy to 
boost (pump) electrons to a higher energy level.
3. The pump supplies energy to electrons in an active medium, which 
raises them to higher energy levels to produce a population inversion.",434
369,Optical_Amplifiers.pdf,9,"raises them to higher energy levels to produce a population inversion.
4. An incoming signal photon will trigger these excited electrons to drop 
to lower levels through a stimulated emission process, thereby producing 
an amplified signal.
Amplification Mechanism
One of the most important parameters of an optical amplifier is the signal
gain or amplifier gain G, which is defined as
G= Pout/Pin",397
370,Optical_Amplifiers.pdf,10,Basic Operation of a generic optical amplifier,46
371,Optical_Amplifiers.pdf,11,Intentionally Left Blank,24
372,Optical_Amplifiers.pdf,12,"Semiconductor Optical Amplifiers
Semiconductor Optical Amplifier Relationship to Laser",86
373,Optical_Amplifiers.pdf,13,"Semiconductor Optical Amplifiers
SOAs can operate in every fiber wavelength band extending from 
1280 nm in the O-band to 1650nm in the U-band by varying the 
composition of the active InGaAsP material.
In the SOA the significant difference is that the optical signal travels 
through the device only once
It can boost incoming signal levels but cannot generate a coherent
optical output by itself.
Facet reflectivity of less than 0.01 percent is necessary in an SOA to 
prevent oscillations",491
374,Optical_Amplifiers.pdf,14,"1.They can't deliver very much power (only a few milliwatts). This 
is usually sufficient for single channel operation but in a WDM 
system you usually want up to a few milliwatts per channel.
2. Coupling the input fibre into the chip tends to be very lossy
and hence reduces the effectiveness of the amplifier. The 
amplifier must have additional gain to overcome the loss on the 
input facet.
3. SOAs tend to be noisy.
4. They are highly polarisation sensitive.",463
375,Optical_Amplifiers.pdf,14,"input facet.
3. SOAs tend to be noisy.
4. They are highly polarisation sensitive.
5. They can produce severe crosstalk when multiple optical 
channels are amplified. This is mainly around the power level 
where the amplifier saturates but this is quite a low power.
SOAs have severe limitations however:",303
376,Optical_Amplifiers.pdf,15,Intentionally Left Blank,24
377,Optical_Amplifiers.pdf,16,Erbium Doped Fiber Amplifiers,29
378,Optical_Amplifiers.pdf,17,"The most common material for long-haul 
telecommunication applications is a silica fiber doped 
with erbium, which is known as an erbium-doped fiber
amplifier or EDFA.
Originally the operation of an EDFA by itself was limited to 
the C-band (1530- to 1560-nm region).
Recent improvements in erbium-doped fiber designs have 
allowed the extension of EDFAs into the L-band.
Erbium Doped Fiber Amplifiers",401
379,Optical_Amplifiers.pdf,18,"An Erbium Doped Fibre Amplifier consists of a short 
section of fibre which has a small controlled amount of 
the rare earth element erbium added to the glass in the 
form of an ion (Er3+).
Erbium ions are able to exist in several energy states .
When an erbium ion is in a high-energy state, a photon 
of light will stimulate it to give up some of its energy 
and return to a lower-energy (more stable) state.",410
380,Optical_Amplifiers.pdf,19,"Erbium Doped Fiber Amplifiers
EDFAs have a number of attractive technical characteristics:
1. Efficient pumping
2. Minimal polarisation sensitivity
3. Low insertion loss
4. High output power
5. Low noise
6. Very high sensitivity
7. Low distortion and minimal interchannel crosstalk",281
381,Optical_Amplifiers.pdf,20,Intentionally Left Blank,24
382,Optical_Amplifiers.pdf,21,"Raman Amplifiers
EDFA requires a specially constructed optical fiber for 
its operation. 
Raman amplifier makes use of the transmission fiber 
itself as the amplification medium.",178
383,Optical_Amplifiers.pdf,22,"This process transfers optical energy from a strong laser pump 
beam to a weaker transmission signal that has a wavelength 
which is 80 to 100 nm higher than the pumping wavelength.
The power transfer to higher wavelength occurs over a broad 
spectral range of 80 to 100nm. The shift to a particular longer 
wavelength is referred to as stokes shift for that wavelength.
stokes shift:
• Called stimulated Raman scattering (SRS).
•This effect is due to an interaction between an optical",485
384,Optical_Amplifiers.pdf,22,"•This effect is due to an interaction between an optical 
energy field and the vibration modes of the lattice structure 
in a material.
•An atom first absorbs a photon at a particular energy and 
then releases another photon at a lower energy (longer 
wavelength than that of absorbed photon).
Raman amplifier is based on an effect:",332
385,Optical_Amplifiers.pdf,24,"Raman amplifier advantages
•Can use existing fiber as gain medium (distributed 
amplification)
•Can operate in any region of the spectrum
Raman amplifier disadvantages
•Require very high pump powers.
•Can be used only over long distances, since Raman effect 
is weak.
•Rayleigh scattering dominates, causing loss of pump power",326
386,optical_communication.pdf,1,"SRI MUTHUKUMARAN INSTITUTE OF TECHNOLOGY
(Approved by AICTE, Accredited by NBA and Affiliated to Anna University, Chennai)
Chikkarayapuram (Near Mangadu), Chennai- 600 069.
DEPARTMENT OF ELECTRONICS AND COMMUNICATION ENGINEERING
YEAR/SEM: IV/VII
SUBJECT CODE & NAME: EC 8751- OPTICAL COMMUNICATION 
TWO MARKS QUESTIONS AND ANSWERS
UNIT I – Introduction to OFC
1. What are the limitations of optical fiber communication systems?
",429
387,optical_communication.pdf,1,"UNIT I – Introduction to OFC
1. What are the limitations of optical fiber communication systems?

Optical fiber is made up of glass. Because of the impurities present with the fiber
It results in absorption, which leads to loss of light in the optical fiber.

It is costly.

Maximum limitation of the bandwidth of the signals can be carried by the fiber due to 
spreading of pulse.
2. What is the necessity of cladding for an optical fiber?
The necessity of cladding for an optical fiber is
",495
388,optical_communication.pdf,1,"The necessity of cladding for an optical fiber is

To avoid leakage of light from the fiber

To avoid mechanical strength for the fiber

To protect core from scratches and other mechanical damages.
3.
List the advantages of mono-mode fiber.
The advantages of mono-mode fiber are

No internal dispersion

Information capacity of single mode fiber is large.
4. Define - Acceptance Angle
The maximum angle Фmax with which a ray of light can enter rough the entrance end of the",478
389,optical_communication.pdf,1,"The maximum angle Фmax with which a ray of light can enter rough the entrance end of the
fibre and still be totally internally reflected is called acceptance angle of the fiber.
5. List the uses of optical fiber.
The uses of optical fibers are as follows

To act as light source at the inaccessible places

To transmit the optical images. (example: endoscopy)To act as sensors to do 
mechanical, electrical and magnetic measurements
",436
390,optical_communication.pdf,1,"mechanical, electrical and magnetic measurements

To transmit the information which are in the form of coded signals of the 
telephone communications, computer data etc.
6.
 List the disadvantages of mono-mode fiber.
 The disadvantages of mono-mode fiber are

Launching of light into single mode and joining of two fibers are very difficult.

Fabrication is very difficult and so that fiber is so costly.",407
391,optical_communication.pdf,2,"7. What is the principle used in the working of fibers as light guides?
The phenomenon of total internal reflection is used to guide the light in the
optical fiber. To get total reflection, the ray should travel from denser region rarer
region i.e. from core to clad region. Of the fiber and the angle of incidence in the denser
medium should be greater than the critical angle of that medium.
8. Define- Refraction
When light travels from air medium to glass medium, bending of light may occur.",495
392,optical_communication.pdf,2,"When light travels from air medium to glass medium, bending of light may occur.
This is called refraction.
9. What is critical angle?
When we increase the incident angle with respect to normal, at some incident angle, the
dielectric of surface and φ2 becomes 90 and such incident angle is called critical angle.
10. What is Snell’s law?
The relationship at the interface is called Snell’s Law. It is given by the
equation
n1sinφ1 = n2sinφ2
11. What is meant by mode coupling?",475
393,optical_communication.pdf,2,"equation
n1sinφ1 = n2sinφ2
11. What is meant by mode coupling?
The effect of coupling energy from one mode to another mode is known as mode
coupling. The cause of mode coupling is due to waveguide perturbations such as deviations Of the
fiber axis from straightness variations in the core diameter, irregularities at the Core- cladding
interface and refractive index variations.
12. What is V number of a fiber?
Normalized frequency or V number is a dimensionless parameter and represent the",491
394,optical_communication.pdf,2,"Normalized frequency or V number is a dimensionless parameter and represent the
relationship among three design parameters variables of the fiber viz core radius a, relative
refractive index Δ and the operating wavelength λ.
It is expressed as V = (2*π* Numerical aperture(a)) / λ
13. Compare Ray optics and wave optics.
Ray optics
Wave optics
It is used to represent the
light propagation
It is used to analyze mode
theory
It is used to study reflection 
and refraction of light
It
is
used
to",493
395,optical_communication.pdf,2,"theory
It is used to study reflection 
and refraction of light
It
is
used
to
analyze
diffraction and interference of
light waves
14. Differentiate between mono-mode fiber and multi-mode fiber.
Mono-mode fiber
Multi-mode fiber
Only one ray passes through the
fiber
More than one ray passes
through fiber at a time.
Coupling efficiency is less.
Coupling
efficiency
is
large.
LED is not suitable for single mode
fiber.
LED is suitable for multi-
mode fiber
Intermodal
dispersion
is
not
present.",491
396,optical_communication.pdf,2,"fiber.
LED is suitable for multi-
mode fiber
Intermodal
dispersion
is
not
present.
Intermodal dispersion is
present
Fabricating single mode fiber is
difficult.
Fabricating
multi-mode
fiber is easy.",197
397,optical_communication.pdf,3,"15. What is meant by linearly polarized mode?
The field components HE, EH, TE, TM forms linearly polarized modes. Linearly polarized
Modes are labeled LPjm where j and m are integers designation mode solutions.
16. What are the three windows of optical communications?
The three wavelengths 850nm, 1300nm, and 1500nm are three optical windows of
optical communication system. Since only at this wavelength silica fiber loss is minimum.
17. Define – Fiber Optic system",467
398,optical_communication.pdf,3,"17. Define – Fiber Optic system
Fiber optic system is nothing but a fiber-optic cable is essentially light pipe that is
used to carry a light beam from one place to another.
18. What are the advantages of graded index fiber?
The advantages of graded index fiber are

It provides higher bandwidth.

It exhibits less intermodal dispersion because the different group velocities of the 
mode tend to be normalized by the index grading.
19. What is step index fiber?",464
399,optical_communication.pdf,3,"mode tend to be normalized by the index grading.
19. What is step index fiber?
Step index fiber is a cylindrical waveguide that has the central core with uniform
refractive index n1 surrounded by outer cladding with refractive index of n2. The refractive
index of the core is constant and is larger than the refractive index of the cladding. It makes
a step change at the core cladding interface.
20. Why
step
index
single
mode
fiber
preferred
for
long
distance 
communication?",477
400,optical_communication.pdf,3,"20. Why
step
index
single
mode
fiber
preferred
for
long
distance 
communication?
The step index single mode fiber is preferred for long distance communication
because

They exhibit higher transmission bandwidth because of low fiber losses.

They have superior transmission quality because of the absence of the model noise.

The installation of single mode fiber is easy and will not require any fiber 
replacement over twenty plus years.
21. Define- Birefringence",467
401,optical_communication.pdf,3,"replacement over twenty plus years.
21. Define- Birefringence
Manufactured optical fibers have imperfections such as asymmetrical lateral
stresses, non - circular cores and variations in refractive index profiles. These imperfections
break the circular symmetry of the ideal fiber and lift the degeneracy of the two modes.
These modes propagate with different phase velocity and it is called as fiber birefringence.
22. What types of fibers are used commonly?",459
402,optical_communication.pdf,3,"22. What types of fibers are used commonly?
Based on refractive index profile- step index fiber, graded index fiber. Based on
propagation – Mono mode or single mode fiber, multi -mode fiber.
23. Define – Wavefront",213
403,optical_communication.pdf,4,"For plane waves, some constant phase points from a surface which is referred to as
wavefront.
24. What is an index profile?
The index profile of an optical fiber is a graphical representation of the magnitude 
of the refractive index across the fiber.
25. What are leaky modes in optical fibers?
In leaky modes, the fields are confined partially in the fiber core and attenuated as
they propagate along the fiber length, due to radiation and tunnel effect.
26. What is the purpose of cladding?",493
404,optical_communication.pdf,4,"26. What is the purpose of cladding?
Cladding provides mechanical strength, reduces scattering loss resulting from dielectric
discontinuities at the core surface and protects the core from absorbing surface contaminants with
which it could come into contact.
27. What are leaky rays?
The leaky rays are only partially confined to the core of the circular optical fiber and 
attenuate as the light travels along the optical waveguide.
28. What are the conditions for total internal reflection?",492
405,optical_communication.pdf,4,"28. What are the conditions for total internal reflection?
The conditions for total internal reflections are:

The ray should travel from denser to rarer medium. i.e. from core to clad region of 
the optical fiber.

The angle of incidence in the denser should greater than the critical angle of that 
medium.
29. What are guided modes?
Guided modes are a pattern of electric and magnetic field distributions that is repeated
along the fiber at equal intervals.
30. Define- Mode",479
406,optical_communication.pdf,4,"along the fiber at equal intervals.
30. Define- Mode
Mode is the pattern of distribution of electric and magnetic fields.
Transverse- Electric mode (TE) Transverse 
Magnetic mode ( TM)
31. Define - Mode-Field Diameter
The fundamental parameter of a single mode fibre is said to be the mode field diameter. It is
possible to determine the mode-field diameter with the help of the fundamental LPo1 mode.
32. What are meridional rays?",431
407,optical_communication.pdf,4,"32. What are meridional rays?
Meridonal rays are the rays which follows zig -zag path when they travel through fiber and 
for every reflection it will cross the fiber axis.
33. When do you have phase shift during total internal reflection of light?
When the light ray travels from denser medium to rarer medium, if the angle of
incidence is greater than the critical angle of Core medium, then there is a phase shift
for both TE and TM waves.
34. State Goes- Haenchen effect.",475
408,optical_communication.pdf,5,"Goes- Haenchen effect states that, there is a lateral shift of the reflected ray at the
point of incidence and at the core-cladding interface. This lateral shift is  called the Goes-
Haenchen effect.
35. Differentiate between meridional rays and skew rays.
A meridional ray is a ray that passes through the axis of an optical fiber.
A skew ray is a ray that travels in a non-planar zig-zag path and never crosses the axis of 
an optical fiber.
36. What do you mean by RAY?",472
409,optical_communication.pdf,5,"an optical fiber.
36. What do you mean by RAY?
In optics a ray is an idealized model of light, obtained by choosing a line that is
perpendicular to the wavefronts of the actual light, and that points
in the direction of energy flow.Rays are used to model the propagation of light through
an optical system, by dividing the real light field up into discrete rays that can be
computationally propagated through the system by the techniques of ray tracing.
37. What are skew rays?",477
410,optical_communication.pdf,5,"37. What are skew rays?
A skew ray is a ray that travels in a non-planar zig-zag path and never crosses the axis of 
an optical fiber.
38. What are the advantages of optical network?
The advantages of optical network are as follows:

Low signal attenuation (as low as 0.2 dB/km),

Immunity to electromagnetic interference

High security of signal because of no electromagnetic radiation,

Huge bandwidth

Low signal distortion, suitable for carrying digital information,

Low power requirement",499
411,optical_communication.pdf,5,"
Low signal distortion, suitable for carrying digital information,

Low power requirement

No crosstalk and interferences between fibers in the same cable,

Low material usage, small space requirement, light weight, non- flammable, 
cost-effective and high electrical resistance
39. What is an op tical  network? 
An optical network is not necessarily all-optical: the transmission is certainly optical, but",411
412,optical_communication.pdf,5,"An optical network is not necessarily all-optical: the transmission is certainly optical, but
the switching could be optical, or electrical, or hybrid Also, an optical is not necessarily packet-
switched.
40. What are the advantages of optical communication?
The advantages of optical communication are

Low transmission losses

Electrical isolation

Small size and weight

No electromagnetic interference
41. Define – Longitudinal modes",441
413,optical_communication.pdf,6,"Longitudinal modes are associated with the length of the cavity and determine the
typical spectrum of the emitted radiation.
42. Define – Transverse Modes
Transverse modes are associated with the electromagnetic field and beam profile in
the direction perpendicular to the plane of PN junction. They determine the Laser
characteristics as the radiation pattern and the threshold current density.
PART – B",404
414,optical_communication.pdf,7,"1.
Explain the elements of optical fiber transmission link with a neat diagram and  
briefly outline the evolution of fiber optic system.   
An optical fiber communication system is similar in basic concept to any type of communication
system. 
A block schematic of a general communication system is shown in Fig. the function of which is to
convey the signal from the information source over the transmission medium to the destination.",436
415,optical_communication.pdf,7,"convey the signal from the information source over the transmission medium to the destination. 
The communication system therefore consists of a transmitter or modulator linked to the information
source, the transmission medium, and a receiver or demodulator at the destination point.
 In electrical communications the information source provides an electrical signal, usually derived
from a message signal which is not electrical (e.g. sound), to a transmitter comprising electrical and",487
416,optical_communication.pdf,7,"electronic components which converts the signal into a suitable form for propagation over the
transmission medium. 
This is often achieved by modulating a carrier, which, as mentioned previously, may be an
electromagnetic wave.
For optical fiber communications the system shown in Fig. may be considered in slightly greater detail, as 
given in Fig. In this case the information source pro- vides an electrical signal to a transmitter comprising an",448
417,optical_communication.pdf,7,electrical stage which drives an optical source to give modulation of the light wave carrier.,93
418,optical_communication.pdf,8,"The optical source which pro- vides the electrical–optical conversion may be either a semiconductor laser
 or light-emitting diode (LED).
The transmission medium consists of an optical fiber cable and the receiver consists of an optical detector
 which drives a further electrical stage and hence provides demodulation of the optical carrier. 
Photodiodes (p–n, p–i–n or avalanche) and, in some instances, phototransistors and photoconductors are",446
419,optical_communication.pdf,8,"utilized for the detection of the optical signal and the optical–electrical conversion. 
Thus there is a requirement for electrical interfacing at either end of the optical link and at present the 
signal processing is usually performed electrically.
2. Draw and briefly explain step and graded index fibers.  
Step index fibers
The optical fiber considered in the preceding sections with a core of constant refractive index n1 and a",433
420,optical_communication.pdf,8,"cladding of a slightly lower refractive index n2is known as step index fiber.  
This is because the refractive index profile for this type of fiber makes a step change at the core–
cladding interface, as indicated in Fig., which illustrates the two major types of step index fiber.",281
421,optical_communication.pdf,9,"The refractive index profile may be defined as:
Fig. shows a multimode step index fiber with a core diameter of around 50µm or greater, which is large
enough to allow the propagation of many modes within the fiber core. This is illustrated in Fig. by the 
many different possible ray paths through the fiber. 
Fig. shows a single-mode or monomode step index fiber which allows the propagation of only one",404
422,optical_communication.pdf,9,"Fig. shows a single-mode or monomode step index fiber which allows the propagation of only one 
transverse electromagnetic mode (typically HE11), and hence the core diameter must be of the order 
of 2 to 10µm. 
The propagation of a single mode is illustrated in Fig. as corresponding to a single ray path only 
(usually shown as the axial ray) through the fiber.
The single-mode step index fiber has the distinct advantage of low intermodal dispersion (broadening of",466
423,optical_communication.pdf,9,"transmitted light pulses), as only one mode is transmitted, whereas with multimode step index fiber 
considerable dispersion may occur due to the differing group velocities of the propagating modes. 
a)
The use of spatially incoherent optical sources (e.g. most light-emitting diodes) which 
cannot be efficiently coupled to single-mode fibers.
b)
Larger numerical apertures, as well as core diameters, facilitating easier coupling to optical 
sources
c)",454
424,optical_communication.pdf,9,"sources
c)
Lower tolerance requirements on fiber connectors
Multimode step index fibers allow the propagation of a finite number of guided modes along the
channel. 
The number of guided modes is dependent upon the physical para- meters (i.e. relative refractive index
difference, core radius) of the fiber and the wavelengths of the transmitted light which are included in
the normalized frequency V for the fiber.",414
425,optical_communication.pdf,9,"the normalized frequency V for the fiber.
 Mode propagation does not entirely cease below cutoff. Modes may propagate as unguided or leaky
modes which can travel considerable distances along the fiber. Nevertheless, it is the guided modes 
which are of paramount importance in optical fiber communications as these are confined to the fiber 
over its full length. 
The total number of guided modes or mode volume Ms for a step index fiber is related to the V value",464
426,optical_communication.pdf,9,for the fiber by the approximate expression Which allows an estimate of the number of guided modes,98
427,optical_communication.pdf,10,"propagating in a particular multimode step index fiber.
Graded index fibers
Graded index fibers do not have a constant refractive index in the core* but a decreasing core index n(r)
with radial distance from a maximum value ofn1 at the axis to a constant value n2 beyond the core 
radius a in the cladding. This index variation may be represented as:
where  is the relative refractive index difference and α is the profile parameter which gives the",449
428,optical_communication.pdf,10,"where  is the relative refractive index difference and α is the profile parameter which gives the 
characteristic refractive index profile of the fiber core. Equation (1.50) which is a convenient method 
of expressing the refractive index profile of the fiber core as a variation of α, allows representation of 
the step index profile when α = ∞, a parabolic profile when α = 2 and a triangular profile when α = 1. 
This range of refractive index profiles is illustrated in Figure 1.15",486
429,optical_communication.pdf,10,"This range of refractive index profiles is illustrated in Figure 1.15
The graded index profiles which at present produce the best results for multimode optical propagation
have a near parabolic refractive index profile core
with  ~~2. Fibers with such core index profiles are well established and consequently
when the term ‘graded index’ is used without qualification it usually refers to a fiber with this profile.",417
430,optical_communication.pdf,11,"For this reason in this section we consider the waveguiding properties of graded index fiber with a
parabolic refractive index profile core.
A multimode graded index fiber with a parabolic index profile core is illustrated in Figure 1.16. It may
be observed that the meridional rays shown appear to follow curved paths through the fiber core. 
Using the concepts of geometric optics, the gradual decrease in refractive index from the center of the",447
431,optical_communication.pdf,11,"core creates many refractions of the rays as they are effectively incident on a large number or high to
low index interfaces.
 This mechanism is illustrated in Fig. where a ray is shown to be gradually curved, with an ever-
increasing angle of incidence, until the conditions for total internal reflection are met, and the ray
travels back towards the core axis, again being continuously refracted.",398
432,optical_communication.pdf,11,"travels back towards the core axis, again being continuously refracted.
Multimode graded index fibers exhibit far less intermodal dispersion than multimode step index fibers 
due to their refractive index profile.",213
433,optical_communication.pdf,12,"However, the near axial rays are transmitted through a region of higher refractive index and therefore 
travel with a lower velocity than the more extreme rays. This compensates for the shorter path lengths 
and reduces dispersion in the fiber. 
3. Define group delay. Mention its significance with expressions.    
         The transit time or group delay τg for a light pulse propagating along a unit length of fiber 
is the inverse of the group velocity υg . Hence:",468
434,optical_communication.pdf,12,"is the inverse of the group velocity υg . Hence:
The group index of a uniform plane wave propagating in a homogeneous medium has been determined 
as:
However, for a single-mode fiber, it is usual to define an effective group index* Nge By:
Where υg is considered to be the group velocity of the fundamental fiber mode. Hence, the specific 
group delay of the fundamental fiber mode becomes:
Moreover, the effective group index may be written in terms of the effective refractive index neff",489
435,optical_communication.pdf,12,"Moreover, the effective group index may be written in terms of the effective refractive index neff 
defined in Eq. (1.56) as:",125
436,optical_communication.pdf,13,"Furthermore, approximating the relative refractive index difference as (n1 − n2)/n2, for a weakly 
guiding fiber where Δ<<1, we can use the approximation :
Where Ng1 and Ng2 are the group indices for the fiber core and cladding regions respectively. 
Substituting Eq. (1.65) for β into Eq. (1.67) and using the approximate expression given in Eq. (1.66), 
we obtain the group delay per unit distance as:",403
437,optical_communication.pdf,13,"we obtain the group delay per unit distance as:
The dispersive properties of the fiber core and the cladding are often about the same and therefore the 
wavelength dependence of can be ignored. Hence the group delay can be written as:
The initial term in Eq. (1.68) gives the dependence of the group delay on wavelength caused when a 
uniform plane wave is propagating in an infinitely extended medium with a refractive index which is",434
438,optical_communication.pdf,13,"equivalent to that of the fiber cladding. However, the second term results from the waveguiding 
properties of the fiber only and is determined by the mode delay factor d(Vb)/dV, which describes the 
change in group delay caused by the changes in power distribution between the fiber core and cladding. 
The mode delay factor  is a further universal parameter which plays a major part in the theory of single-",409
439,optical_communication.pdf,13,"mode fibers. Its variation with normalized frequency for the fundamental mode in a step index fiber is 
shown in Figure .
 The Gaussian approximation
The field shape of the fundamental guided mode within a single-mode step index fiber for two values of
normalized frequency is displayed in Figure.",297
440,optical_communication.pdf,14,"As may be expected, considering the discussion in Section 2.4.1, it has the form of a Bessel function 
(J0(r)) in the core region matched to a modified Bessel function (K0(r)) in the cladding. Depending on 
the value of the normalized frequency, a significant proportion of the modal power is propagated in the 
cladding region, as mentioned earlier. Hence, even at the cutoff value (i.e. Vc) only about 80% of the 
power propagates within the fiber core.",455
441,optical_communication.pdf,14,"power propagates within the fiber core.
It may be observed from Figure 1.22 that the shape of the fundamental LP01 mode is similar to a 
Gaussian shape, which allows an approximation of the exact field distribution by a Gaussian function.* 
The approximation may be investigated by writing the scalar wave equation in the form:
where k is the propagation vector defined in Eq. (1.33) and n(x, y) is the refractive index of the fiber,",433
442,optical_communication.pdf,14,"which does not generally depend on z, the coordinate along the fiber axis. It should be noted that the 
time dependence exp(jωt) has been omitted from the scalar wave equation to give the reduced wave 
equation† in Eq. (1.69). This representation is valid since the guided modes of a fiber with a small 
refractive index difference have one predominant transverse field component, for example Ey. By 
contrast Ex and the longitudinal component are very much smaller.",466
443,optical_communication.pdf,14,"contrast Ex and the longitudinal component are very much smaller.
The field of the fundamental guided mode may therefore be considered as a scalar quantity and need 
not be described by the full set of Maxwell’s equations. Hence Eq. (1.69) may be written as:
       where φ represents the dominant transverse electric field component.
The near-Gaussian shape of the predominant transverse field component of the fundamental mode has",432
444,optical_communication.pdf,14,"The near-Gaussian shape of the predominant transverse field component of the fundamental mode has 
been demonstrated for fibers with a wide range of refractive index distributions. This proves to be the 
case not only for the LP01 mode of the step index fiber, but also for the modes with fibers displaying 
arbitrary graded refractive index distributions.",356
445,optical_communication.pdf,15,"4 . Explain the wave equations for a cylindrical fiber in detail.     
Cylindrical fiber
   The exact solution of Maxwell’s equations for a cylindrical homogeneous core dielectric waveguide* involves 
much algebra and yields a complex result. Although the presentation of thismathematics is beyond the scope of this 
text, it is useful to consider the resulting modal fields. In common with the planar guide (Section 1.3.2), TE",427
446,optical_communication.pdf,15,"(where Ez = 0) and TM (where Hz = 0) modes are obtained within the dielectric cylinder. The cylindrical 
waveguide, however, is bounded in two dimensions rather than one.
Thus two integers, l and m, are necessary in order to specify the modes, in contrast to the single integer 
(m) required for the planar guide.
       For the cylindrical waveguide we therefore refer to TElm and TMlm modes. These modes",405
447,optical_communication.pdf,15,"For the cylindrical waveguide we therefore refer to TElm and TMlm modes. These modes 
correspond to meridional rays (see Section 1.2.1) traveling within the fiber. However, hybrid modes 
where Ez and Hz are nonzero also occur within the cylindrical waveguide. These modes, which result 
from skew ray propagation (see Section 1.2.4) within the fiber, are designated HElm and EHlm 
depending upon whether the components of  H or E make the larger contribution to the transverse (to",480
448,optical_communication.pdf,15,"the fiber axis) field. Thus an exact description of the modal fields in a step index fiber proves somewhat
complicated.
          Fortunately, the analysis may be simplified when considering optical fibers for communication 
purposes. These fibers satisfy the weakly guiding approximation where the relative index difference Δ1.
This corresponds to small grazing angles θ in Eq. (1.34). In fact is usually less than 0.03 (3%) for",429
449,optical_communication.pdf,15,"optical communications fibers. For weakly guiding structures with dominant forward propagation, 
mode theory gives dominant transverse field components. Hence approximate solutions for the full set 
of HE, EH, TE and TM modes may be given by two linearly polarized components.
        These linearly polarized (LP) modes are not exact modes of the fiber except for the fundamental 
(lowest order) mode. However, as in weakly guiding fibers is very small, then HE– EH mode pairs",477
450,optical_communication.pdf,15,"(lowest order) mode. However, as in weakly guiding fibers is very small, then HE– EH mode pairs 
occur which have almost identical propagation constants. Such modes are said to be degenerate. The 
superpositions of these degenerating modes characterized by a common propagation constant 
correspond to particular LP modes regardless of their HE, EH, TE or TM field configurations. This 
linear combination of degenerate modes obtained from the exact solution produces a useful",476
451,optical_communication.pdf,15,"linear combination of degenerate modes obtained from the exact solution produces a useful 
simplification in the analysis of weakly guiding fibers.
       The relationship between the traditional HE, EH, TE and TM mode designations and the LPlm 
mode designations is shown in Table 1.1. The mode subscripts l and m are related to the electric field 
intensity profile for a particular LP mode (see Figure 1.11(d)). There are in general 2l field maxima",451
452,optical_communication.pdf,15,around the circumference of the fiber core and m field,54
453,optical_communication.pdf,16,"maxima along a radius vector. Furthermore, it may be observed from Table  that the notation for 
labeling the HE and EH modes has changed from that specified for the exact solution in the cylindrical 
waveguide mentioned previously.",232
454,optical_communication.pdf,17,"Figure 1.11 The electric field configurations for the three lowest LP modes 
illustrated in terms oftheir constituent exact modes: (a) LP mode designations; (b) 
exact mode designations; (c) electric field distribution of the exact modes; (d) intensity 
distribution of Ex for the exact modes indicating the electric field intensity profile for 
the corresponding LP modes
The subscript l in the LP notation now corresponds to HE and EH modes with labels l + 1 and l − 1",470
455,optical_communication.pdf,17,"The subscript l in the LP notation now corresponds to HE and EH modes with labels l + 1 and l − 1 
respectively. The electric field intensity profiles for the lowest three LP modes, together with the 
electric field distribution of their constituent exact modes, are shown in Figure .
5. Explain the phenomenon of total internal reflection using Snell’s law with figures 
and calculations.    
Total internal reflection",419
456,optical_communication.pdf,17,"and calculations.    
Total internal reflection
To consider the propagation of light within an optical fiber utilizing the ray theory model it is necessary 
to take account of the refractive index of the dielectric medium. The refractive index of a medium is 
defined as the ratio of the velocity of light in a vacuum to the velocity of light in the medium.
A ray of light travels more slowly in an optically dense medium than in one that is less dense, and the",461
457,optical_communication.pdf,17,"refractive index gives a measure of this effect. When a ray is incident on the interface between two 
dielectrics of differing refractive indices (e.g. glass–air), refraction occurs, as illustrated in Figure 
1.2(a). It may be observed that the ray approaching the interface is propagating in a dielectric of 
refractive index n and is at an angle φ to the normal at the surface of the interface. If the dielectric on",417
458,optical_communication.pdf,17,"the other side of the interface has a refractive index nwhich is less than n1, then the refraction is such 
that the ray path in this lower index medium is at an angle to the normal, where is greater than . The 
angles of incidence and refraction are related to each other and to the refractive indices of the 
dielectrics by Snell’s law of refraction, which states that:",371
459,optical_communication.pdf,18,"It may also be observed in Figure 1.2(a) that a small amount of light is reflected back into the 
originating dielectric medium (partial internal reflection). As nis greater than n, the angle of refraction 
is always greater than the angle of incidence. Thus when the angle of refraction is 90° and the refracted 
ray emerges parallel to the interface between the dielectrics, the angle of incidence must be less than",417
460,optical_communication.pdf,18,"90°. This is the limiting case of refraction and the angle of incidence is now known as the critical angle 
φc, as shown in Figure 1.2(b). From Eq. (1.1) the value of the critical angle is given by
At angles of incidence greater than the critical angle the light is reflected back into the originating 
dielectric medium (total internal reflection) with high efficiency (around 99.9%). Hence, it may be",402
461,optical_communication.pdf,18,"observed in Figure 1.2(c) that total internal reflection occurs at the inter- face between two dielectrics of
differing refractive indices when light is incident on the dielectric of lower index from the dielectric of 
higher index, and the",240
462,optical_communication.pdf,19,"angle of incidence of the ray exceeds the critical value. This is the mechanism by which light at a 
sufficiently shallow angle (less than 90° − may be considered to propagate down an optical fiber with 
low loss.
Figure 1.3 illustrates the transmission of a light ray in an optical fiber via a series of total internal 
reflections at the interface of the silica core and the slightly lower refractive index silica cladding. The",429
463,optical_communication.pdf,19,"ray has an angle of incidence φ at the interface which is greater than the critical angle and is reflected at 
the same angle to the normal.
The light ray shown in Fig. is known as a meridional ray as it passes through the axis of the fiber core. 
This type of ray is the simplest to describe and is generally used when illustrating the fundamental 
transmission properties of optical fibers. It must also be noted that the light transmission illustrated in",457
464,optical_communication.pdf,19,"Figure 1.3 assumes a perfect fiber, and that any discontinuities or imperfections at the core–cladding 
interface would probably result in refraction rather than total internal reflection, with the subsequent 
loss of the light ray into the cladding.
It may be observed from the field configurations of the exact modes that the field strength in the transverse 
        direction (Ex or Ey) is identical for the modes which belong to the same LP mode.",451
465,optical_communication.pdf,19,"direction (Ex or Ey) is identical for the modes which belong to the same LP mode.
Hence the origin of the term ‘linearly polarized’.
Using Eq. (1.31) for the cylindrical homogeneous core waveguide under the weak guidance conditions 
outlined above, the scalar wave equation can be written in the form
where ψ is the field (E or H), n1 is the refractive index of the fiber core, k is the propagation constant",407
466,optical_communication.pdf,19,"for light in a vacuum, and r and φ are cylindrical coordinates. The propagation constants of the guided 
modes β lie in the range:
where n2 is the refractive index of the fiber cladding. Solutions of the wave equation for the cylindrical",237
467,optical_communication.pdf,20,"fiber are separable, having the form:
where in this case ψ represents the dominant transverse electric field component. The periodic 
dependence on φ following coslφ or sin lφ gives a mode of radial order l. Hence the fiber supports a 
finite number of guided modes of the form of Eq. (1.43).
Introducing the solutions given by Eq. (1.43) into Eq. (1.41) results in a differential equation of the 
form:",403
468,optical_communication.pdf,20,"form:
         For a step index fiber with a constant refractive index core, Eq. (1.43) is a Bessel differential 
equation and the solutions are cylinder functions. In the core region the solutions are Bessel functions 
denoted by Jl.
A graph of these gradually damped oscillatory functions (with respect to r) is shown in Figure 1.12(a). 
It may be noted that the field is finite at r = 0 and may be represented by the zero-order Bessel function",446
469,optical_communication.pdf,20,"J0. However, the field vanishes as r goes to infinity and the solutions in the cladding are therefore 
modified Bessel functions denoted by Kl.
These modified functions decay exponentially with respect to r, as illustrated in Figure 1.12(b). The 
electric field may therefore be given by:
Where G is the amplitude coefficient and R = r/a is the normalized radial coordinate when a is the 
radius of the fiber core; U and W, which are the eigenvalues in the core and cladding respectively,* are",493
470,optical_communication.pdf,20,defined as:,11
471,photonic_crystals.pdf,1,"Project for the course
Functional Materials TFY4220 at NTNU Trondheim
Photonic Crystals
Matthias Schrade
Heike Pfau
26.10.2007",126
472,photonic_crystals.pdf,2,"i
Contents
1
Introduction
1
2
Theoretical Overview
2
2.1
Wave Equation and Eigenvalue Problem . . . . . . . . . . . . . . . . . . .
2
2.2
The Photonic Band Diagram
. . . . . . . . . . . . . . . . . . . . . . . . .
4
2.2.1
One-Dimensional Photonic Crystals
. . . . . . . . . . . . . . . . .
5
2.2.2
Two-Dimensional Photonic Crystals . . . . . . . . . . . . . . . . .
6
2.2.3
Tree-Dimensional Photonic Crystals . . . . . . . . . . . . . . . . .
8
2.3",448
473,photonic_crystals.pdf,2,"6
2.2.3
Tree-Dimensional Photonic Crystals . . . . . . . . . . . . . . . . .
8
2.3
Defects . . . . . . . . . . . . . . . . . . . . . . . . . . . . . . . . . . . . . .
9
2.3.1
Point Defects . . . . . . . . . . . . . . . . . . . . . . . . . . . . . .
10
2.3.2
Extended Defects . . . . . . . . . . . . . . . . . . . . . . . . . . . .
10
2.4
Density of States . . . . . . . . . . . . . . . . . . . . . . . . . . . . . . . .
12
3
Fabrication
14
3.1",443
474,photonic_crystals.pdf,2,"12
3
Fabrication
14
3.1
Standard Fabrication . . . . . . . . . . . . . . . . . . . . . . . . . . . . . .
14
3.2
New Techniques of Fabrication
. . . . . . . . . . . . . . . . . . . . . . . .
15
3.2.1
Holographic Lithography
. . . . . . . . . . . . . . . . . . . . . . .
15
3.2.2
Crystallization of Artiﬁcial Opals . . . . . . . . . . . . . . . . . . .
16
4
Application
17
4.1
Fibres . . . . . . . . . . . . . . . . . . . . . . . . . . . . . . . . . . . . . .
17
4.1.1",466
475,photonic_crystals.pdf,2,"17
4.1
Fibres . . . . . . . . . . . . . . . . . . . . . . . . . . . . . . . . . . . . . .
17
4.1.1
Conﬁguration . . . . . . . . . . . . . . . . . . . . . . . . . . . . . .
17
4.1.2
Preparation . . . . . . . . . . . . . . . . . . . . . . . . . . . . . . .
18
4.1.3
Application . . . . . . . . . . . . . . . . . . . . . . . . . . . . . . .
18
4.2
Gas Sensors . . . . . . . . . . . . . . . . . . . . . . . . . . . . . . . . . . .
20
4.3",433
476,photonic_crystals.pdf,2,"18
4.2
Gas Sensors . . . . . . . . . . . . . . . . . . . . . . . . . . . . . . . . . . .
20
4.3
Lasers . . . . . . . . . . . . . . . . . . . . . . . . . . . . . . . . . . . . . .
21
5
Conclusion
24",197
477,photonic_crystals.pdf,3,"1 Introduction
1
1 Introduction
Photonic crystals (PhCs) are a new class of materials that have the ability to manipulate
and control the propagation of light. Properly designed, PhCs can either prohibit the
propagation of electromagnetic waves, allow it only in certain frequency ranges or localize
light in speciﬁc areas. The concept of PhCs and the photonic band structure can be
seen as an analogy to the electric conduction process and the electron band structure.",469
478,photonic_crystals.pdf,3,"seen as an analogy to the electric conduction process and the electron band structure.
The term Photonic Crystal is used for every periodically structured dielectric or metallic
material, whereas only particular materials show a photonic band gap (PBG) and are
referred to as Photonic Band Gap Materials.
The simplest form of a PhC, a 1D periodic structure, was already studied regarding
its interesting optical properties more than 100 years ago by Lord Rayleigh. Forty years",476
479,photonic_crystals.pdf,3,"its interesting optical properties more than 100 years ago by Lord Rayleigh. Forty years
after E. Purcell sketched the possibility of prohibited spontaneous emission in some
materials [1], E. Yablonovitch came up with the idea of 2D- and 3D photonic crystals,
expecting a PBG [2].
In the last 20 years, such structures have seen an increasing
interest added by the simultaneous improvement of fabrication precision. They show",425
480,photonic_crystals.pdf,3,"interest added by the simultaneous improvement of fabrication precision. They show
many interesting properties, like inhibited spontaneous emission, low-loss waveguiding, a
signiﬁcant reduction of the group velocity and their particular properties can be changed
and controlled in the fabrication process.
Nowadays PhCs are used in a broad range of applications like LEDs, lasers and optical
ﬁbres. There are even some examples of natural occurring PhCs, e.g. the opal which",474
481,photonic_crystals.pdf,3,"ﬁbres. There are even some examples of natural occurring PhCs, e.g. the opal which
optical appearence is due to Braggreﬂexion in its microstructure. Other examples are
the wings of some butterﬂies or the hair of the sea mouse.
We will start with the physical background of photonic crystals and certain calculation
methods. The third chapter presents the fabrication of PhCs, considering diﬀerent ma-
terials and 3D-fabrication. Finally we specify several applications, illustrated by some",489
482,photonic_crystals.pdf,3,"terials and 3D-fabrication. Finally we specify several applications, illustrated by some
particular research projects.",118
483,photonic_crystals.pdf,4,"2 Theoretical Overview
2
2 Theoretical Overview
The theory of electromagnetic waves in photonic crystals is similar in many aspects with
the theory of electron waves in an atomic lattice. Hence a lot of concepts for describing
electromagnetic waves are borrowed from solid state physics. The analogy of both phe-
nomena starts in the formal relation between Maxwell’s equations for electromagnetic
waves in a dielectric medium and the Schr¨odinger equation for massive particles in a",483
484,photonic_crystals.pdf,4,"waves in a dielectric medium and the Schr¨odinger equation for massive particles in a
potential. A comparison will show that the dielectric permittivity for the photons is the
same as the potential for the electrons. And in the end it leads to the Bloch-Floquet
theorem for periodical structures i.e. for electrons to the Coulomb potential and for
photons to the periodicy of the dielectric permittivity in form of a lattice out of diﬀerent",440
485,photonic_crystals.pdf,4,"photons to the periodicy of the dielectric permittivity in form of a lattice out of diﬀerent
materials. The result in both cases will be dispersion relations and band structures with
band gaps. But the theory in solid state physics is not completely applicable to photonic
crystals. Diﬀerences are based e.g. in the vectorial character of the electromagnetic ﬁeld
in contrast to the scalar ﬁeld of electron waves or in the spin character of photons, which",455
486,photonic_crystals.pdf,4,"in contrast to the scalar ﬁeld of electron waves or in the spin character of photons, which
are bosons, and electrons, which are fermions.
In this chapter we want to give an introduction into the main aspects of the theory of
photonic crystals. We will describe the calculation of the band structure of a photonic
crystal and the occurence of the photonic band gap for one and more dimensions. To
simplify the calculations we will use the “plane wave method” which, however, leeds to",483
487,photonic_crystals.pdf,4,"simplify the calculations we will use the “plane wave method” which, however, leeds to
some problems in numerical calculations but it is still an important model to describe
photonic crystals.
2.1 Wave Equation and Eigenvalue Problem
The electromagnetic ﬁeld is discribed by Maxwell’s equations. We assume that there
are no free charges and no electric currents in our medium. In this case, Maxwell’s
equations have the following form.
∇· D(r, t) = 0
∇· B(r, t) = 0
∇× E(r, t) = −∂
∂tB(r, t)",491
488,photonic_crystals.pdf,4,"equations have the following form.
∇· D(r, t) = 0
∇· B(r, t) = 0
∇× E(r, t) = −∂
∂tB(r, t)
∇× H(r, t) = −∂
∂tD(r, t)
(1)
Here E represents the electric ﬁeld, H the magnetic ﬁeld, D the electric displacement
and B the magnetic induction. To solve this equations we replace the magnetic induction
B by the magnetic ﬁeld H and likewise E by D.
B(r, t) = µ0µ(r)H(r, t)
(2)
D(r, t) = ǫ0ǫ(r)E(r, t)
(3)
Generally the magnetic permeability µ(r) and the dielectric constant ǫ(r) are tensors.",483
489,photonic_crystals.pdf,4,"(3)
Generally the magnetic permeability µ(r) and the dielectric constant ǫ(r) are tensors.
In our homogenic case they can be treated as scalars. Furthermore we assumed that the",176
490,photonic_crystals.pdf,5,"2 Theoretical Overview
3
magnetic permeability of the photonic crystal is the same as in free space, µ(r) = 1,
and that the dielectric constant ǫ(r) is not dependent on frequency. By inserting these
equations (2) and (3) in (1) we obtain the wave equations for E and H,
1
ǫ(r)∇× {∇× E(r, t)} = −1
c2
∂2
∂t2 E(r, t)
∇×
 1
ǫ(r)∇× H(r, t)

= −1
c2
∂2
∂t2 H(r, t) ,
(4)
where c = (µ0ǫ0)−1/2 is the velocity of light.
Originating in a harmonic time dependence for E and H,
E(r, t) = E(r)e−iωt",489
491,photonic_crystals.pdf,5,"Originating in a harmonic time dependence for E and H,
E(r, t) = E(r)e−iωt
H(r, t) = H(r)e−iωt
(5)
the eigenfunctions E(r) and H(r) will satisfy the time independent wave equations
1
ǫ(r)∇× {∇× E(r)} = −ω2
c2 E(r)
∇×
 1
ǫ(r)∇× H(r)

= −ω2
c2 h(r) .
(6)
These equations have a high similarity to the Schr¨odinger equation for electronic
waves in a potential [3],
∇2Ψ(r) = −2m
¯h2 {E −V (r)} Ψ(r) ,
(7)
where Ψ(r) is the scalar wave function for an electron with the mass m and V (r) is",486
492,photonic_crystals.pdf,5,"(7)
where Ψ(r) is the scalar wave function for an electron with the mass m and V (r) is
the the potential. Comparing equation (6) with (7) one can recognize the mentioned
analogy between the dielectric permittivity ǫ(r) and the potential V (r).
Like V (r) in a lattice ǫ(r) is a periodic function of r with
ǫ(r + ai) = ǫ(r)
(i = 1, 2, 3) ,
(8)
where {ai} are the elementary lattice vectors of the photonic crystal.
Therefore we transfer Bloch-Floquet’s theorem from solid state physics to photonic",497
493,photonic_crystals.pdf,5,"Therefore we transfer Bloch-Floquet’s theorem from solid state physics to photonic
crystals and express the ﬁelds E(r) and H(r) with {ai}-periodic functions ukn and vkn
as [4]
E(r) = Ekn(r) = ukn(r)eikr
H(r) = Hkn(r) = vkn(r)eikr
(9)
Because of the periodicity of ukn, vkn and ǫ(r), they can be expended in Fourier
series, whereas in our case we will expend ǫ−1(r). This results in the following expres-",403
494,photonic_crystals.pdf,6,"2 Theoretical Overview
4
sions.
1
ǫ(r) =
X
G
κGeiGr
Ekn(r) =
X
G
Ekn(G)ei(k+G)r
Hkn(r) =
X
G
Hkn(G)ei(k+G)r ,
(10)
where κ(G), Ekn(G) and Hkn(G) are the Fourier coeﬃcients in reciprocal space.
Now inserting the expansions (10) into the wave equations (6) the eigenvalue equations
get the following form [4].
−
X
G′
κG−G′",320
495,photonic_crystals.pdf,7,"2 Theoretical Overview
5
2.2.1 One-Dimensional Photonic Crystals
To illustrate the results of the last chapter, we will have a closer look to one dimensional
(1D) photonic crystals. We will discuss a system shown in the left side of Fig. 1 which
consists of layers out of two materials A1 and A2 with the dielectric constants ǫ1 and ǫ2.
Assume a periodic condition for the layers like
ǫ(x + a) = ǫ(x) .
(12)
In this 1D case the wave equations for the electric ﬁeld E reduce to
1
ǫ(x)
∂2",486
496,photonic_crystals.pdf,7,"(12)
In this 1D case the wave equations for the electric ﬁeld E reduce to
1
ǫ(x)
∂2
∂x2 E(x, t) = 1
c2
∂2
∂t2 E(x, t)
(13)
Fig. 2: Left. Schematic 1D band diagram (dispersion relation) for a uniform medium where
the dashed lines showing the “folded” dispersion relation. Right. Schematic 1D band
diagram for periodic dielectric medium with occuring bad gaps [5]
Consider now a system with an uniform ǫ = 1. This leads to a plane wave solution",442
497,photonic_crystals.pdf,7,"Consider now a system with an uniform ǫ = 1. This leads to a plane wave solution
for the electric ﬁeld in equation (13) and the dispersion relation
ω(k) = ck ,
(14)
which is shown on the left side of Fig. 2.
Because of the periodicy it is possible to
describe the states in form of Bloch functions like in the equations (9) and to reduce the
representation of the dispersion relation to the ﬁrst Brillouin zone, here from k = −π/a",430
498,photonic_crystals.pdf,7,"representation of the dispersion relation to the ﬁrst Brillouin zone, here from k = −π/a
to k = +π/a, by “folding” the dispersion relation. Now, the k = −π/a mode has an
equivalent wave vector like the k = π/a mode and they have the same frequency. Here
at the border of the Brillouin zone the Bragg condition ∆k = G is valid and leads to",338
499,photonic_crystals.pdf,8,"2 Theoretical Overview
6
Fig. 3: Schematic origin of the 1D band gap. The degenerated wave functions at k = ±π/a split
into two standing waves forming the lower and the upper edge of the gap [5]
a coherent back scattering. Therefore, instead of writing this wave solution with the
electric ﬁeld E ∼e±iπx/a we can split it into two standing waves [5],
E−∼sin πx/a
(15)
E+ ∼cos πx/a ,
(16)
which are shown in Fig. 3. Suppose now that the dielectric constant is sinusoidal per-
turbated with a period a.",500
500,photonic_crystals.pdf,8,"turbated with a period a.
ǫ(x) = 1 + ∆cos 2πx/a
(17)
In the presence of this oscillating dielectric constant the degenaracy of the two ﬁelds
E−and E+ is broken and we get two diﬀerent frequencies for the two wave functions.
Assuming ∆> 0 then the ﬁeld E−is more concentrated in lower-ǫ region while E+ is
more concentrated in higher-ǫ regions as shown in Fig. 3. In analogy to elcetronic waves
[6] the energy of the “air” band E−is higher than the energy of the “dielectric” band",479
501,photonic_crystals.pdf,8,"[6] the energy of the “air” band E−is higher than the energy of the “dielectric” band
E+. Consequently the frequency is lower for E−and higher for E+. The result is a band
gap, which is shown on the right side of Fig. 2, where a propagation of electromagnetic
waves is prohibited. From pertubation therory one can show that for ∆≪1 the band
gap is ∆ω/ω ∼= ∆/2 [5].
2.2.2 Two-Dimensional Photonic Crystals
The analysis of one-dimensional structures in the former chapter revealed fundamental",490
502,photonic_crystals.pdf,8,"The analysis of one-dimensional structures in the former chapter revealed fundamental
properties of photonic crysals, but it was in principle nothing more than a transfer of
the theory for electronic waves in a atomic lattice to electromagnetic waves and oﬀers
less new aspects. This will change for higher dimensional systems where not only the
propagation direction of the waves has to be considered but also the polarisation of",430
503,photonic_crystals.pdf,8,"propagation direction of the waves has to be considered but also the polarisation of
the wave has a signiﬁcant inﬂuence for the band diagrams. For this reason it is hard
to recieve a omnidirectional and complete band gap for higher dimensional photonic",252
504,photonic_crystals.pdf,9,"2 Theoretical Overview
7
z
Fig. 4: 2D crystal out of cylindrical rods
crystals. In what follows, we want to discribe band diagrams of 2D crystals and ﬁgure
out which inﬂuence the polarization has on the origin of band gaps.
Imagine a two 2D lattice built out of rods as shown in Fig. 4. So we have two possible
polarisations: transverse electric (TE), where the magnetic ﬁeld is along the z-direction
of the rods and the electric ﬁeld perpendicular to it in the x-y plane, and transversal",488
505,photonic_crystals.pdf,9,"of the rods and the electric ﬁeld perpendicular to it in the x-y plane, and transversal
magnetic (TM), where the electric ﬁeld is along the rods and the magnetic perpendicular.
We will look at a hexagonal structure of rods which is shown in Fig. 5 together with
the (irriducible) Brillouin zone. Now we ﬁll the rods with a dielectric material with
ǫ > 1 and the surounding material is supposed to be air (Fig. 5 top). The calculated",432
506,photonic_crystals.pdf,9,"ǫ > 1 and the surounding material is supposed to be air (Fig. 5 top). The calculated
band diagram shows the bands for TE (solid) and TM (dashed) polarisation. The same
is done for air rods in a dielectric medium in the lower part of the ﬁgure. The most
important result is the diﬀerent behaviour of the two diﬀerent polarized waves which
leads to diﬀerent band gaps for these polarisations: In the ﬁrst example occurs a band",424
507,photonic_crystals.pdf,9,"leads to diﬀerent band gaps for these polarisations: In the ﬁrst example occurs a band
gap only for the TM polarisation while in the second diagram a TE band gap is revealed.
Therefore in both cases it exists no complete band gap which would only occure when
both TE and TM polarisation provide a band gap in the same frequency region.
The reason for this diﬀerent behaviour of TM and TE polarized light can be explained",420
508,photonic_crystals.pdf,9,"The reason for this diﬀerent behaviour of TM and TE polarized light can be explained
by the boundary conditions of the electric and magnetic ﬁeld for crossing dielectrical
interfaces. We will have a closer look to the ﬁrst example with dielectric rods in air.
The electric ﬁeld for TM modes, which is parallel to the rods, remains when crossing the
interface. Therefore the displacement D = ǫE is strongly localised within the cylinders",436
509,photonic_crystals.pdf,9,"interface. Therefore the displacement D = ǫE is strongly localised within the cylinders
and minimizes the energy of the fundamental mode for the same reason as discribed for
the 1D crystal. For the ﬁrst excited mode the ﬁled is mostly localized in the air region
and therefore enhance the energy. This leeds to an enlarged separation of the two modes.
For the TE modes, where the electric ﬁeld is perpendicular to the rods, the ﬁeld lines",438
510,photonic_crystals.pdf,9,"For the TE modes, where the electric ﬁeld is perpendicular to the rods, the ﬁeld lines
have to cross the air regions to enter the next rod. This enhance the energy in both
the fundamental and the excited mode. The result is a much smaller separation and a
generally higher energy of the TE modes. An analog explanation can be given for the
air rods in a dielectric substrat in the lower part of Fig. 5.",402
511,photonic_crystals.pdf,10,"2 Theoretical Overview
8
Fig. 5: 2D hexagonal lattice with dielectric rods (ǫ = 12, r = 0.2a) in air (top) and air rods
(r = 0.3a) in a dielectric substrat (bottom) together with the Brillouin zone and the
calculated band diagrams around the irreducible Brillouin zone (shaded triangle) where
TE/TM polarisation are denoted by solid/dashed lines [5]
2.2.3 Tree-Dimensional Photonic Crystals
A complete photonic bandgap for all polarisations and propagation directions of the",474
512,photonic_crystals.pdf,10,"A complete photonic bandgap for all polarisations and propagation directions of the
waves can only be realised for tree dimensional (3D) photonic crystals. The ﬁrst 3D
crystal with a full photonic band gap was fabricated by Yablonovitch et al. [7] in 1991 and
consists of a fcc structure. This structure in real space leads to the “roundest” structure
in reciprocal space which provides the highest prospects for a complete photonic band
gap.",442
513,photonic_crystals.pdf,10,"in reciprocal space which provides the highest prospects for a complete photonic band
gap.
The “atoms” have a shape of spherical voids in a dielectric background.
This
structure is now called Yablonovite. Fig. 6.",212
514,photonic_crystals.pdf,11,"2 Theoretical Overview
9
(a) Construction
(b) Brillouin zone
(c) Wiegner-Seitz real space unit cell
(d) Band diagram with band gap
Fig. 6: The Yablonovite with its fcc structure as the ﬁrst produced photonic crystal with a
omnidirectional band gap [7].
2.3 Defects
There exist two main types of defects: point defects, which are very local disruptions and
cause electromagnetic modes at discrete frequencies like the isolated electric states, and",446
515,photonic_crystals.pdf,11,"cause electromagnetic modes at discrete frequencies like the isolated electric states, and
extended defects which are analog to dislocations of a crystal and result in transmission
bands in the region of the PBG. Thus, defects in PhCs can be compered with the doping
of a semiconductor.
The existence of defects may lead to singularities in the density of states (Chap. 2.4)
e.g. for single point defect it occures a Delta function in a complete PBG as can be seen
in Fig. 10.",476
516,photonic_crystals.pdf,12,"2 Theoretical Overview
10
2.3.1 Point Defects
For a 1D photonic crystals point defects can be obtained by two diﬀerent manipulations:
changing of the size of one “atom” in the crystal or modifying the refractive index of this
one. Thus, such point defects is nothing more than a Fabry-Perot cavity [3] which is
shown in Fig. 7. Electromagnetic modes will be therefore occure at discrete frequencies.
Fig. 7: Point defect in a 1D crystal (Fabry-Perot cavity) with one of the possible electromag-",494
517,photonic_crystals.pdf,12,"Fig. 7: Point defect in a 1D crystal (Fabry-Perot cavity) with one of the possible electromag-
netic mode [3]
For higher dimensions point defects can be created by locally modifying the refractive
index, displacing one of the periodic patterns or changing the size. Two possibilities are
shown in Fig. 8 together with the band diagram. Thus, a point defect can either push up
a single mode from the band edge or pull it down. In the case where the band gap is not",463
518,photonic_crystals.pdf,12,"a single mode from the band edge or pull it down. In the case where the band gap is not
omnidirectional the point defect leads to a leaking of a fraction of the electromagnetic
ﬁeld from the point defect away into the direction in which the propagation is allowed.
Is the band gap complete the electromagnetic ﬁeld is concentrated at the defect.
If two point defects are introduced in a crystal with a large distance everything will",432
519,photonic_crystals.pdf,12,"If two point defects are introduced in a crystal with a large distance everything will
remain as described above with the diﬀerence that it behaves as if the single mode is
degenerated. However, when the distance is small enough it occures a second mode.
The two modes represent a symmetric and a antisymmetric distribution of the electric
ﬁeld in analogy to the quantum mechanical situation when a particle is released in a
potential well [9]. This phenomenon is called coupling of point defects.",497
520,photonic_crystals.pdf,12,"potential well [9]. This phenomenon is called coupling of point defects.
2.3.2 Extended Defects
Extended defects can only occure in higher dimensional systems. The most studied is
the 1D case which can be recieved by aligning indentical point defects. If the distances
are small enough a coupling appears and leads to numerous modes appearing in the
band gap. For an inﬁnit number of defects might this result in a transmission band.",433
521,photonic_crystals.pdf,12,"band gap. For an inﬁnit number of defects might this result in a transmission band.
The Fig. 9 shows a one dimensional defect in a two dimensional crystal where one line
of rods is substituted by rods with a diﬀerent reﬂective index. The band diagram for
that can be seen on the right side of the ﬁgure.",303
522,photonic_crystals.pdf,13,"2 Theoretical Overview
11
Fig. 8: Left. Smaller/Bigger pattern as point defect in a lattice. Right. Band Diagram with
singel modes in the band gap [8]
Fig. 9: Left. 1D defect in a 2D crystal out of rods [10]. Right. Band Diagram with transmission
mode in the band gap for a removed row of rods [11]",298
523,photonic_crystals.pdf,14,"2 Theoretical Overview
12
2.4 Density of States
The photonic density of states (DOS) is analog to the electric density of states deﬁned
as the number of electromagnetic modes allowed per frequency unit. In the same way
as the electronic DOS in a semiconductor underlies a modiﬁcation from free electrons
to electrons in a lattice, the density of photonic states changes when the material is
structured at the scale of optical wavelengths.",438
524,photonic_crystals.pdf,14,"structured at the scale of optical wavelengths.
Fig. 10: Density of states in free space (left) and in a photonic crystal with a defect mode
whithin the band gap (right) [12]
Generally the DOS is deﬁned by
D(ω) = ∂N(ω)
∂ω
,
(18)
where N(ω) is the number of eigenmodes in a volume V of eigenfrequencies less than ω.
Taking into account that there are two polarizations for each vektor k the DOS in free
space with the dispersion relation ω = ck is [4]
D(ω) = ω2V
π2c3 ,
(19)",473
525,photonic_crystals.pdf,14,"space with the dispersion relation ω = ck is [4]
D(ω) = ω2V
π2c3 ,
(19)
where c is the velocity of light in the material. For photonic crystals this equation is no
longer valid as a consequence of a diﬀerent dispersion relation ω(k). The DOS in this
case is calculated by counting all allowed states with a given frequency [4] which leads
to an integral over the ﬁrst Brillouin zone depending on the dispersion relation. Both
solutions are shown in Fig. 10.",457
526,photonic_crystals.pdf,14,"solutions are shown in Fig. 10.
The DOS in a photonic crystal becomes zero within the band gap i.e. there are no
allowed states in this region as it is expected in a band gap. This plays an important
role for the inhibition of spontaneous emission: if the photonic band gap overlaps the
electronic band edge electron-hole radiative recombination will be inhibited [2]. Near
the edges of the gap the DOS has maxima which also occur at every other point where
the group velocity
vg = dω
dk
(20)",492
527,photonic_crystals.pdf,15,"2 Theoretical Overview
13
is zero. Since the group velocity is the slope of the function ω(k), it is easy to ﬁnd areas
of small vg out of the band diagram. This points are very interesting for applications
like superprism, where the light propagation is extraodinary angle-sensitive [13], or gas
detectors (Chap. 4.2), where the cross section for the stimulation with light plays a
decisive role.
As it is implied in the Fig. 10, defects cause singularities in the DOS",468
528,photonic_crystals.pdf,15,"decisive role.
As it is implied in the Fig. 10, defects cause singularities in the DOS
within the photonic band gap and forming single electromagnetic modes as described in
Chap. 2.3.",183
529,photonic_crystals.pdf,16,"3 Fabrication
14
3 Fabrication
Most of the fabrication techniques for 2D photonic crystals, like electron beam lithog-
raphy and selective etching, are adopted from the semiconductor industry. We will give
a short summary about the most common materials, the fabrication process and the
properties of the material.
Since 2D PhCs do not possess a complete PBG it limits
the set of applications, as spontaneous emission isn’t suppressed in all directions and",456
530,photonic_crystals.pdf,16,"the set of applications, as spontaneous emission isn’t suppressed in all directions and
the structures show scattering losses in the third dimension. Therefore we will point
out transfer possibilities to 3D PhCs, where its possible. Additionally, we present two
independent techniques, the self-assembly of sub-micrometer spheres in artiﬁcial opals
and holographic lithography.
3.1 Standard Fabrication
Because ordered porous dielectric materials like porous silicon or porous alumina are",488
531,photonic_crystals.pdf,16,"Because ordered porous dielectric materials like porous silicon or porous alumina are
intrinsically 2D photonic crystals, several groups worked on ways to produce regular,
ordered structures with good reproducibility. The most studied materials are porous
alumina Al2O3 and macroporous silicon, and—more recently—porous III-V compounds.
In this paragraph we refer to the summary given by R. B. Wehrspohn et al. [14].
Porous p-Type Silicon",438
532,photonic_crystals.pdf,16,"Porous p-Type Silicon
Porous p-type silicon is formed by anodization of p-type silicon in hydroﬂuoric acid.
Three diﬀerent pore formations as a function of the dopant concentration have been
observed.
For degenerately doped silicon, a special type of mesopores has been observed exper-
imentally and explained by tunneling of holes through the space charge region. Their
size is typically in the range of 5 −50 nm. For moderately doped silicon, micropore",454
533,photonic_crystals.pdf,16,"size is typically in the range of 5 −50 nm. For moderately doped silicon, micropore
formation is observed. The poresize shows typical values between 2 −5 nm. For highly
resistive silicon, macropore formation with poresizes between 0, 4 −10 µm is observed
below a thin layer of micropores. In the macroporous regime, these pores can grow ei-
ther in a current-limited order (low current density) or in a crystallographic order (high",431
534,photonic_crystals.pdf,16,"ther in a current-limited order (low current density) or in a crystallographic order (high
current density). These two regimes can be distinguished easily by the shape of the
pores. If the pores have a pyramidial tip and no micropores inside of the macropores,
they grew in the crystallographic regime. Typically, the crystallographic regime is used
to obtain ordered arrangements of pores. In the production process, a silicon wafer with",438
535,photonic_crystals.pdf,16,"to obtain ordered arrangements of pores. In the production process, a silicon wafer with
(100)-orientation is patterned by standard photolithography ﬁrst.
Afterwards initial
seed-pores are produced by alkaline etching. The hydroﬂuoric etching starts selectively
at these etch pitches.
Porous n-Type Silicon
Porous n-type silicon can be used as well.
Since holes, which are necessary for the
dissolution reaction in hydroﬂuoric acid, are minority carriers in n-type silicon, they",478
536,photonic_crystals.pdf,16,"dissolution reaction in hydroﬂuoric acid, are minority carriers in n-type silicon, they
have to be generated by backside illumination of the wafer. Then, they diﬀuse to the",172
537,photonic_crystals.pdf,17,"3 Fabrication
15
etch front, where they dissolute, mainly at the pore-tips. Because of the fact, that in
this technique the holes move by diﬀusion (and not by drift, as in the p-type case), the
boundary condition of a fully depleted pore-wall is vanished and thicker walls can be
optained. The process steps principally are the same as above. The arrangement of the
pores can be controlled by the lithographic mask, the pore diameter by the backside
illumination intensity.",473
538,photonic_crystals.pdf,17,"illumination intensity.
Hence, the pore diameter can even be modulated during the
growth, which can be used for the production of 3D photonic crystals.
Fig. 11: Left. Ordered porus n-type silicon (a = 500 nm). Right. Selfordered mesoporus silicium
(d = 500 nm) self-organised in a hexagonal array [14].
Porous Alumina
Aluminium is electrochemically oxidized to alumina. An absorbing relationship between
the anodization voltage U and the interpore distance a was found: a = d+2αU, where d",488
539,photonic_crystals.pdf,17,"the anodization voltage U and the interpore distance a was found: a = d+2αU, where d
is the pore-diameter and α ≈1.2 nm/V. After a long anodization time, hexagonal close-
packed patterns of pores can be obtained by self-organisation. The size of the ordered
pore domains increases with time and can reach micron size.
Since electron beam lithography is a planar technique, it is not straightforward to
transfer this method to the fabrication of 3D PhCs. A possible way to overcome this",485
540,photonic_crystals.pdf,17,"transfer this method to the fabrication of 3D PhCs. A possible way to overcome this
problem is the production of layer-by-layer-samples. The size of these crystals is limited
by the complexity of the production process, e.g. high mechanical precision, to a few
periods.
3.2 New Techniques of Fabrication
3.2.1 Holographic Lithography
Light ﬁelds from multiple beam interference can be used to fabricate PhCs since the light",423
541,photonic_crystals.pdf,17,"Light ﬁelds from multiple beam interference can be used to fabricate PhCs since the light
distribution is spatially (quasi-)periodic with a period of the order of half the wavelenght
[15]. The interference pattern can be recorded as a volume hologram and converted into
correspondingly structured matter distribution. Photoresists are used as a recording
medium.",362
542,photonic_crystals.pdf,18,"3 Fabrication
16
Fig. 12: Left. Ordered porus alumina with a = 500 nm obtained by imprint lithography.
Right. By repeated imprint under an angle of 2.2 degrees, a 12-fold symetry can be
obtained [14].
3.2.2 Crystallization of Artiﬁcial Opals
This technique makes use of the self-assembly of preformed colloids or beads into a face
centered cubic (fcc) packing [16] as shown in Fig. 13. This material has basically the",417
543,photonic_crystals.pdf,18,"centered cubic (fcc) packing [16] as shown in Fig. 13. This material has basically the
same structure as natural occurring opals, however, the latter are locally heterogenous,
composed of various crystallites and diﬀering in the size of the beads. The diameter
of these beads ﬁxes the optical properties of the resulting photonic crystal. Beads of a
diameter in the range of several hundred nanometers, which corresponds to the wave-",433
544,photonic_crystals.pdf,18,"diameter in the range of several hundred nanometers, which corresponds to the wave-
length of visible light, have been produced. The most common material is SiO2, whereas
more recently polymer beads came up.
A precondition and the main challenge in the preparation of artiﬁcial opals is the
preparation of monodisperse beads or colloids. The use of diﬀerent inorganic materials
oﬀers a very broad variability of optical properties due to their variability of size, but",468
545,photonic_crystals.pdf,18,"oﬀers a very broad variability of optical properties due to their variability of size, but
it is not yet possible for most materials, except SiO2, to achieve monodiserpsity at a
satisfactory level. Polymer or organic colloids oﬀer the advantage that monodisperse
particles can be obtained more easily and that they can be functionalized easily e.g.
with ﬂuorescent dyes.
Fig. 13: Natural occuring fcc opal structure [17]",420
546,photonic_crystals.pdf,19,"4 Application
17
4 Application
Our theoretical introduction into the properties of photonic crystals (Chap. 2) shows
that they can be seen as an “optical semiconductors“ in many cases. Hence, the hope
raises that their special properties can be used in many applications and in what follows,
we want to introduce tree of them: optical ﬁbres, gas sensors and lasers.
4.1 Fibres
The most popular application of photonic crystals surely are photonic crystal ﬁbres",460
547,photonic_crystals.pdf,19,"4.1 Fibres
The most popular application of photonic crystals surely are photonic crystal ﬁbres
(PCF) which are allready since several years at the stage of commercial production and
have a huge ﬁeld of usage.
4.1.1 Conﬁguration
The standard optical ﬁbre consists of a ﬁbre core surrounded by a lower index cladding,
thus light is conﬁned by total reﬂection.
A new type of optical ﬁbres makes use of
photonic crystals. One can distinguish two main versions which are shown in Fig. 14:",483
548,photonic_crystals.pdf,19,"photonic crystals. One can distinguish two main versions which are shown in Fig. 14:
the Holey ﬁbre (a) and the PBG-ﬁbre (b). The guiding mechanism is provided either by
means of modiﬁed total internal reﬂection in Holey ﬁbres or a photonic band gap eﬀect
in PBG ﬁbres. Although the same material is used for core and cladding for the Holey
ﬁbre, the incorporation of air holes in the cladding area results in an eﬀective lowering",430
549,photonic_crystals.pdf,19,"ﬁbre, the incorporation of air holes in the cladding area results in an eﬀective lowering
of the refractive index. Holey ﬁbres with large air ﬁlling fraction resulting in a high
eﬀective index-diﬀerence are called High-Delta or Cobweb ﬁbres. Field conﬁnement in
an air-core ﬁbre, based on the band gap eﬀect, requires a periodic arrangement of air
holes on a wavelength scale with a suﬃciently high air ﬁlling fraction in the cladding
[18].
(a) Holey Fibre
(b) PBG Fibre",470
550,photonic_crystals.pdf,19,"[18].
(a) Holey Fibre
(b) PBG Fibre
Fig. 14: Main versions of ﬁbres out of photonic crystals [19]",97
551,photonic_crystals.pdf,20,"4 Application
18
4.1.2 Preparation
The usual way to prepare optical ﬁbres with a microstructured cross section is to stack
capillaries and solid rods to form a compound structure, which resembles the desired
ﬁbre cross section. The ﬁnal diameters are realized during the following draw down,
where the capillaries have to be combined with each other, but without closing the holes
completely. A new approach [20] is extrusion, in which molten glass is forced through a",468
552,photonic_crystals.pdf,20,"completely. A new approach [20] is extrusion, in which molten glass is forced through a
die containing a suitably designed pattern of holes. Extrusion allows ﬁbre to be drawn
directly from bulk glass, and almost any structure from crystalline to amorphous can be
produced. Functional defects could be precisely introduced during the stacking process,
allowing fabrication of a wide range of diﬀerent sort of photonic crystal ﬁbres.
4.1.3 Application",449
553,photonic_crystals.pdf,20,"allowing fabrication of a wide range of diﬀerent sort of photonic crystal ﬁbres.
4.1.3 Application
The ﬁrst working photonic crystal ﬁbre was produced in 1996 [21], which consisted of
an array of 300 nm-airholes, spaced 2.3 µm apart, with a solid core in the middle. The
most remarkable property of this ﬁbre was that the ﬁbre did not become multimode in
the experiments, no matter how short the wavelength of the light was.",424
554,photonic_crystals.pdf,20,"the experiments, no matter how short the wavelength of the light was.
This interesting “endlessly single-mode” behavior can be understood by viewing the
array of holes as a modal ﬁlter or “sieve”. The fundamental mode ﬁts into the core, ﬁlling
the diameter with one single lobe. However, for higher order modes, the dimensions of
the lobes are getting smaller and they can slip between the gaps.
Correct choice of
geometry thus guarantees that only the fundamental mode is guided through the ﬁbre.",497
555,photonic_crystals.pdf,20,"geometry thus guarantees that only the fundamental mode is guided through the ﬁbre.
Every other mode leaks out after a short distance which is pointed up in Fig. 15.
Fig. 15: “Endless single-mode”: Only one mode is localised in the core and its energy is con-
served (a), all other modes are leaking out (b), (c) [20]
Another advantage is, that traditional optical ﬁbres suﬀer additional loss, if they are
bent more than a critical radius. This radius depends on wave-length, geometry and",488
556,photonic_crystals.pdf,21,"4 Application
19
core/cladding-refractive index step. Because of the diﬀerent guidance principle photonic
crystal ﬁbres escape theses eﬀects.
Beyond the features oﬀered by conventional optical ﬁbres, photonic crystal ﬁbres are
ﬁnding an increasing number of further applications. We’ll sample a few of them referring
to [20]:
High harmonic generation.
Another ﬁeld where hollow-core ﬁbre is likely to play a big
role is that of high harmonic generation. When gases such as argon are subjected to ul-",499
557,photonic_crystals.pdf,21,"role is that of high harmonic generation. When gases such as argon are subjected to ul-
trashort high-energy in the range of fs and pulses in the range of mJ, the extremely high,
short duration electric ﬁeld momentarily ionizes the atoms, and very high harmonics of
the laser frequency are generated during the recombination process. Ultraviolet and even
x-ray radiation can be produced in this way. It is of interest, that hollow-core PCF could",445
558,photonic_crystals.pdf,21,"x-ray radiation can be produced in this way. It is of interest, that hollow-core PCF could
bring this process within the reach of compact diode-pumped laser systems, potentially
leading to table-top x-ray sources for medicine, lithography, and x-ray diagnostics.
Atom and particle guidance.
First shown in the 1970s, small dielectric particles can be
trapped and levitated in a laser beam using the dipole forces exerted by light. Nowadays,",440
559,photonic_crystals.pdf,21,"trapped and levitated in a laser beam using the dipole forces exerted by light. Nowadays,
atoms, molecules, particles and biologic cells can be trapped and manipulated with very
high precision.
A related area is that of atom and particle transport along hollow
capillaries, where the optical dipole forces of a laser beam prevent adhesion to the glass
surfaces and provide the acceleration needed to overcome viscosity.",419
560,photonic_crystals.pdf,21,"surfaces and provide the acceleration needed to overcome viscosity.
Fig. 16: Schematic sketch of atomtransport via PCFs: Van der Waals bonds between plate and
atoms/molecules (c) are overcome by piezoelectrically generated vibrations (a) levitated
by the beem (b) and conducted into the PCF (d) [20]",299
561,photonic_crystals.pdf,22,"4 Application
20
Here, the absence of a single guided mode in the capillary limits the eﬀectiveness of
the technique. Large (∼200 µm) and hence multi-mode bore capillaries must be used
to avoid leakage, which means that adequate trapping forces can be obtained only at
high laser powers. Hollow-core PCF provides a good solution to this problem, as shown
in recent experiments, where only 80 mW of 514 nm argon laser light was suﬃcient to",438
562,photonic_crystals.pdf,22,"in recent experiments, where only 80 mW of 514 nm argon laser light was suﬃcient to
levitate and guide 5 µm polystyrene spheres along a 15 cm length of PCF with a hollow-
core diameter of 20 µm. This technique is about to be extended to the guidance of atoms
and molecules which is illustrated in Fig. 16.
Ultrahigh nonlinearities.
PCFs with extremely small solid glass cores and very high
air-ﬁlling fractions not only display unusual chromatic dispersion but also yield very",476
563,photonic_crystals.pdf,22,"air-ﬁlling fractions not only display unusual chromatic dispersion but also yield very
high optical intensities per unit power. Thus one of the most successful applications of
PCF is to nonlinear optics, where high eﬀective nonlinearities, together with excellent
control of chromatic dispersion, are essential for eﬃcient devices.
4.2 Gas Sensors
Gas sensors are widely used in medical and environmental applications.
Optical gas",430
564,photonic_crystals.pdf,22,"4.2 Gas Sensors
Gas sensors are widely used in medical and environmental applications.
Optical gas
sensors make use of the characteristic absorption lines in the mid infrared wavelength
region of 3−20 µm. Traditional sensors are based on spectroscopicy techniques but with
the big drawback of high production costs. The advantage of an optical gas sensor based
on photonic crystals could be the possibility of miniaturization, integration and thus",447
565,photonic_crystals.pdf,22,"on photonic crystals could be the possibility of miniaturization, integration and thus
cost reduction. For this application, macroporous silicon is the material of choice, as
structures for optical detection in the mid-infrared region can be fabricated with good
reproducibility.
Fig. 17: Transmission of the 3D PhC ﬁlled with SF6 normalised to that ﬁlled with N2 (black)
and compared to 2D PhC with the same porosity (green) [22]",430
566,photonic_crystals.pdf,22,"and compared to 2D PhC with the same porosity (green) [22]
An optical sensor consists of three basic parts: the radiaton source, the absorption
section and the detector.
For a traditional gas sensor, the length of the absorption
section is in the range of 10 −50 cm to achieve a good signal-to-noise-ratio. This results
in a large volume with several practical limitations. By using photonic crystals, these
typical length can be scaled down into the micrometer range [22].",473
567,photonic_crystals.pdf,23,"4 Application
21
We will explain a short scheme of the principle: At the band edges of a photonic
crystal, we ﬁnd very strong spectral dependence of the group velocity. Near the band
edges the bands are extremely ﬂat. This gives rise to a very small group velocity, which
is deﬁned as the slope of the dispersion relation. The group velocity goes to 0 as the
frequency approaches the band edge. The small group velocity extends the time the
photons need to travel through the structure.",486
568,photonic_crystals.pdf,23,"photons need to travel through the structure.
Thus, the propability of interactions
between the light ﬁeld and the atoms is increased. On the other hand, the low group
velocity enhances the eﬀective refractive index, which increases the reﬂection at the
interface PhC/surrounding material. Both eﬀects lead to a higher absorption of light.
Wehrspohn et al. [14] tested this thought on a 3D macroporous silicon sample. They",422
569,photonic_crystals.pdf,23,"Wehrspohn et al. [14] tested this thought on a 3D macroporous silicon sample. They
adjusted the modulation period by electrochemical etching, so that the upper band edge
coincidences with the absorption line of SF6 at 948 cm1). The result is shown in Fig. 17.
The spectrum obtained is rather noisy, which results from the low coupling eﬃciency
due to the high eﬀective refractive index. This can be improved by using an adiabatic",429
570,photonic_crystals.pdf,23,"due to the high eﬀective refractive index. This can be improved by using an adiabatic
taper. The easiest approach would be a device, where the lattice constant is increased
towards the interfaces.
4.3 Lasers
Lasers like in Fig. 18, which makes use of photonic crystals as tunable mirrors have been
used for a while. One of the drawbacks of the combination of a ridge waveguide laser
with a PhC waveguide is their large modal mismatch. Although taper structures can",464
571,photonic_crystals.pdf,23,"with a PhC waveguide is their large modal mismatch. Although taper structures can
be used, they add unnecessary complexity to the devices. The coupling issue can be
avoided by using “all PhC lasers”, where the resonator is formed by a PhC waveguide
[23]. We’ll give a short presentation of these devices.
Fig. 18: Ridge waveguide laser setup using PhCs as high reﬂective mirrors [23]
A simple PhC waveguide would be suﬃcient but this laser would give a multi-mode",463
572,photonic_crystals.pdf,23,"A simple PhC waveguide would be suﬃcient but this laser would give a multi-mode
spectrum. In order to obtain single mode operation, one has to add a wavelength selective
element into the resonator. Kamp et al. [23] found, that one can use a design with a
chain of coupled hexagonal resonators as shown in Fig. 19(a). The coupling of the cavities
leads to a formation of minibands within the photonic bandgap. Due to the wide spacing",432
573,photonic_crystals.pdf,23,"leads to a formation of minibands within the photonic bandgap. Due to the wide spacing
of the minibands (approximately 100 nm) only one miniband will be spectral region with
substantial gain, so the lasing operation will be restricted on this particular miniband.
Obtained spectra can be seen in Fig. 19(b).",307
574,photonic_crystals.pdf,24,"4 Application
22
(a) SEM micrograph
(b) Laser spectrum
Fig. 19: CROW patterned PhC with corresponding laser spectra for diﬀerent lattice constants
a = 350, 375, 400 nm.
In the spontaneous emission background one can see several
“stop-bands” separating the miniband regions [24]
(a)
(b)
Fig. 20: Microcavity laser together with the laser spectrum [25]. (a) shows the top view of the
hexagonal 2D array of air holes with a missing central hole which forms the cavity. The",469
575,photonic_crystals.pdf,24,"hexagonal 2D array of air holes with a missing central hole which forms the cavity. The
result of the two enlarged holes is a single mode cavity in which only the y-dipole mode
is well localised. (b) shows the spectrum just above the threshold. The inset shows the
spontaneous emission spectrum",294
576,photonic_crystals.pdf,25,"4 Application
23
Another possible application of PhCs in the laser ﬁeld are microcavity lasers. We
wil present an example, where the cavity is formed by a single defect in a 2D photonic
crystal [25]. The ability to fabricate compact microcavity light sources is essential for
the construction of future optical curcuits. One advantages of using PhCs is the broad
ﬂexibility in geometry, which leads to ﬁne-tuning of the emission spectrum. Additionally,",452
577,photonic_crystals.pdf,25,"ﬂexibility in geometry, which leads to ﬁne-tuning of the emission spectrum. Additionally,
the high spontaneous emission coupling factor β and the compact size make it interesting,
to use microcavity lasers as a low-noise and low-threshold light source.
The light is conﬁned into the cavity by two diﬀerent mechanisms. First, a λ/2-slab
of high refractive index is used to limit vertical freedom of the photons by way of total",425
578,photonic_crystals.pdf,25,"of high refractive index is used to limit vertical freedom of the photons by way of total
internal reﬂection. Second, the light is localized in the plane by a 2D photonic crystal.
By removing one (or more) of the holes in the photonic crystal pattern, a defect-cavity is
created such as the Fig. 20(a) it shows. The resonant mode is highly localized into this
defect region and can only escape by either tunneling through the photonic crystal or by",448
579,photonic_crystals.pdf,25,"defect region and can only escape by either tunneling through the photonic crystal or by
striking the slab at a suﬃciently high angle to leak out in vertical direction. A spectrum
of the laser is shown in Fig. 20(b). The spontaneous emission below threshold results
from emissions from the surrounding, unprocessed area excited by the pump beam. The
linewidth is below 0.2 nm which represent the resolution limited. Until now, it is not",436
580,photonic_crystals.pdf,25,"linewidth is below 0.2 nm which represent the resolution limited. Until now, it is not
possible to use microcavity lasers at room temperature and continuous operating. The
reasons are that the threshold pump power is still too high due to the low quality factors
reached by standard fabrication, and that the heat regulation techniques aren’t suﬃcient
yet.",356
581,photonic_crystals.pdf,26,"5 Conclusion
24
5 Conclusion
More than 15 years after the ﬁrst realisation of a full photonic band gap, photonic crystals
still remain a prosperous part of research and more and more of economic application.
From the theoretically point of view, PhCs provide the opportunity to combine the
existing knowledge of diﬀerent ﬁelds especially solid state physics and optics together
with new mathematical modelling studies and nonlinear dynamics due to the fact that",461
582,photonic_crystals.pdf,26,"with new mathematical modelling studies and nonlinear dynamics due to the fact that
the mathematical structure for PhCs is more complicated for example in the three-
dimensional case or when combining it with active materials like emitters.
But photonic crystals are on the way from an exclusively scientiﬁc topic to the origin
of economic applications which are using the unique properties of this materials for",412
583,photonic_crystals.pdf,26,"of economic applications which are using the unique properties of this materials for
inventing new products or advancing existing devices. Often it is not necessary to have a
full band gap for applications. The eﬀect of the very low group velocity at the band edges,
for example, leads to a variety of capabilities especially in processes of small cross sections
like gas detectors.
On the other hand photonic crystals as “optical semiconductors”",446
584,photonic_crystals.pdf,26,"like gas detectors.
On the other hand photonic crystals as “optical semiconductors”
raise the hope to create optical devices and photonic circuits as the future of classical
semicoductor microtechnology. Fibres out of 2D photonic crystals, which are already
commercial produced, surely form a cornerstone in this ﬁeld with the possibility of
lossless transport of light even through sharp bands.
This oﬀers together with the",424
585,photonic_crystals.pdf,26,"lossless transport of light even through sharp bands.
This oﬀers together with the
research in 3D PhCs new options for the complete controlling of light, constructions of
optical devices in the micrometerscale and ﬁnally applications like optical computers.
Many problems like in the accurate production of higher dimensional photonic crystals
must sill be solved to reach this goal but with the continuous development in nano- and
microtechnology this comes into reach within the next decades.",494
586,photonic_crystals.pdf,27,"25
References
[1] E. M. Purcell. Resonance absorption by nuclear magnetic moments in a solid. Phys.
Rev. 69:681, 1946.
[2] E. Yablonovitch. Inhibited spontaneous emission in solid-state physics and elec-
tronics. Phys. Rev. Lett., 58:2059, 1987.
[3] Jean-Michael Lourtioz. Photonic Crystals - Towards Nanoscale Photonic Devices.
Springer-Verlag Berlin Heidelberg, 2005.
[4] K. Sakoda. Optical Properties of Photonic Crystals. Springer-Verlag Berlin Heidel-
berg, 2001.",468
587,photonic_crystals.pdf,27,"[4] K. Sakoda. Optical Properties of Photonic Crystals. Springer-Verlag Berlin Heidel-
berg, 2001.
[5] S. G. Johnson and J.D. Joannopoulos. Introduction to photonic crystals: Bloch’s
theorem, band diagrams, and gaps. 2003.
[6] Ch. Kittel. Introduction to Solid State Physics. John Wiley and Sons, Inc., 2004.
[7] E. Yablonovitch, T.J. Gmitter, and K.M. Leung. Photonic band structure: The
face-centred-cubic case employing nonspherical atoms. Phys. Rev. Lett. 67:2295,
1991.",474
588,photonic_crystals.pdf,27,"face-centred-cubic case employing nonspherical atoms. Phys. Rev. Lett. 67:2295,
1991.
[8] http://ab-initio.mit.edu/photons/tutorial/L2-defects.pdf.
[9] C. Cohen-Tannoudji, B. Diu, and F. Laloe.
Quantum Mechanics.
Wiley-
Interscience, 2006.
[10] http://cumsl.msl.columbia.edu/optics/nicolae/NonlinPhotCryst.html.
[11] http://ab-initio.mit.edu/photons/bends.html.
[12] http://www.nims.go.jp/nanophoto/PC.htm.
[13] H. Kosaka and et al. Superprism phenomena in photonic crysals. Phys. Rev. B",487
589,photonic_crystals.pdf,27,"[13] H. Kosaka and et al. Superprism phenomena in photonic crysals. Phys. Rev. B
58:R10096, 1998.
[14] R. Wehrspohn and et al. Electrochemically-prepared 2d and 3d photonic crystals.
Photonic crystals - Advances in Design, fabrication and characterization; Wiley-
VCH, 2004.
[15] A. Blanco and et al. Three-dimensional lithography of photonic crystals. Photonic
crystals - Advances in Design, fabrication and characterization; Wiley-VCH, 2004.",443
590,photonic_crystals.pdf,27,"crystals - Advances in Design, fabrication and characterization; Wiley-VCH, 2004.
[16] M. Egen and et al. Preparation of 3d photonic crystals from opals. Photonic crystals
- Advances in Design, fabrication and characterization; Wiley-VCH, 2004.
[17] http://www.tyndall.ie/projects/phat/summary.html.",299
591,photonic_crystals.pdf,28,"26
[18] J. Kirchhof and et al.
Photonic crystal ﬁbers. Photonic crystals - Advances in
Design, fabrication and characterization; Wiley-VCH, 2004.
[19] J. Knight. Photonic crystal ﬁbers. Nature 424, 2003.
[20] P. Russel. Photonic crystal ﬁbers. Science 299, 2003.
[21] J. C. Knight, T. A. Birks, P. St. J. Russell, and D. M. Atkin. All-silica single-mode
ﬁber with photonic crystal cladding. Opt. Lett. 21:1547-1549, 1996.
[22] S. Schweizer and et al.",450
592,photonic_crystals.pdf,28,"ﬁber with photonic crystal cladding. Opt. Lett. 21:1547-1549, 1996.
[22] S. Schweizer and et al.
Application of photonic crystals for gas detection and
sensing. Photonic crystals - Advances in Design, fabrication and characterization;
Wiley-VCH, 2004.
[23] M. Kamp and et al. Photonic crystal based active optoelectronic devices. Photonic
crystals - Advances in Design, fabrication and characterization; Wiley-VCH, 2004.",420
593,photonic_crystals.pdf,28,"crystals - Advances in Design, fabrication and characterization; Wiley-VCH, 2004.
[24] T.Happ and et al. Two dimensional photonic crystal coupled-defect laser diode.
Appl. Phys. Lett. 82, 2003.
[25] O. Painter, R.K. Lee, and A. Scherer. Two dimensional photonic band-gap defect
mode laser. Science 284, 1999.",308
594,physics_and _applications_of_random_lasers.pdf,1,"REVIEW ARTICLE
The physics and applications of
random lasers
Recent developments in the ﬁeld of micro and nanophotonics have shown that it is possible to make use
of the intrinsic disorder in photonic materials to create useful optical structures. An example is that of a
random laser, in which laser action is obtained in disordered structures such as powders and porous
glasses. Although these materials are easy to fabricate, it is only recently that researchers have started to",481
595,physics_and _applications_of_random_lasers.pdf,1,"fully understand the rich and complex physical processes that take place in amplifying disordered systems.
Here, I will give an overview of the various recent results and discuss the physical picture that has now
emerged. I will also discuss possible applications of this new type of disorder-based laser light source.
DIEDERIK S. WIERSMA
European Laboratory for Non-linear Spectroscopy (LENS) and INFM-BEC, Via Nello
Carrara 1, I-50019 Sesto-Fiorentino (Florence), Italy",471
596,physics_and _applications_of_random_lasers.pdf,1,"Carrara 1, I-50019 Sesto-Fiorentino (Florence), Italy
e-mail: wiersma@lens.uniﬁ.it
A laser is usually constructed from two basic elements: a material
that provides optical gain through stimulated emission and an
optical cavity that partially traps the light. When the total gain in
the cavity is larger than the losses, the system reaches a threshold
and lases. It is the cavity that determines the modes of a laser, that
is, it determines the directionality of the output and its frequency.",491
597,physics_and _applications_of_random_lasers.pdf,1,"is, it determines the directionality of the output and its frequency.
Random lasers work on the same principles, but the modes are
determined by multiple scattering and not by a laser cavity.
Multiple scattering is a well-known phenomenon that occurs
in nearly all optical materials that appear opaque. It is therefore
quite common in daily life and determines the appearance of,
for example, clouds, white paint, powders and even human",436
598,physics_and _applications_of_random_lasers.pdf,1,"for example, clouds, white paint, powders and even human
tissue. Light rays that penetrate these materials are scattered often
thousands of times in a random fashion before they exit again.
This type of propagation is that of a random walk, just as in
the brownian motion of particles suspended in a liquid (Fig. 1).
The fundamental parameters describing this process are the mean
free path (the average step size in the random walk) and the",441
599,physics_and _applications_of_random_lasers.pdf,1,"free path (the average step size in the random walk) and the
diﬀusion constant. Scattering in disordered optical materials is
complex yet completely coherent. This means that the phase of each
of the optical wavelets undergoing a random walk is well deﬁned
and interference eﬀects can occur, even if a material is strongly
disordered. The most clear visualization of interference in multiply
scattered light is that of laser speckle1, which is the grainy pattern",462
600,physics_and _applications_of_random_lasers.pdf,1,"scattered light is that of laser speckle1, which is the grainy pattern
observed when looking at a laser pointer that is scattered from, for
example, a piece of paper. The diﬀerence between light diﬀusion
and multiple scattering is that diﬀusion refers to a simpliﬁed picture
of multiple scattering in which interference eﬀects are neglected.
Multiple scattering due to randomness not only occurs in
natural materials, but is also intrinsically present in photonic",463
601,physics_and _applications_of_random_lasers.pdf,1,"natural materials, but is also intrinsically present in photonic
materials, such as photonic crystals, intended for the realization of
optical devices. In those materials, multiple scattering has always
been considered an unwanted property arising from structural
artefacts. It has now become clear that such artefacts are diﬃcult
to avoid and form a major industrial bottleneck2. Using multiple
scattering to introduce new functionalities therefore opens up a",460
602,physics_and _applications_of_random_lasers.pdf,1,"scattering to introduce new functionalities therefore opens up a
completely new perspective on disorder in photonic materials.
EMISSION PROPERTIES OF A RANDOM LASER
Light diﬀusion with gain was already discussed theoretically by
Letokhov in the 1960s. He argued that for a diﬀusion process with
ampliﬁcation, a situation where the total gain is proportional to
the volume is obtained, whereas the losses will be proportional
to the total surface3. It is then easy to see that there exists a",490
603,physics_and _applications_of_random_lasers.pdf,1,"to the total surface3. It is then easy to see that there exists a
critical volume above which gain becomes larger than loss, and
the intensity diverges. If the gain depends on wavelength, this
model also predicts that the emission spectrum narrows down
above threshold with a maximum intensity at the wavelength of
maximum gain. In addition, relaxation oscillations as well as laser
spiking can be found in such a diﬀusive model4.
Several of these features have indeed been observed in",485
604,physics_and _applications_of_random_lasers.pdf,1,"Several of these features have indeed been observed in
experiments. Briskina and co-workers5 and later Migus and
co-workers6 made a disordered amplifying material by grinding
laser crystal into a ﬁne powder. They managed to excite this powder
optically and achieve optical gain through stimulated emission
together with multiple scattering. Above a certain threshold gain
level, the emission spectrum was observed to narrow down and the",436
605,physics_and _applications_of_random_lasers.pdf,1,"level, the emission spectrum was observed to narrow down and the
peak intensity to increase (Fig. 2). A diﬀerent strategy to achieve
multiple scattering with gain was followed by Lawandy et al.7, who
suspended microparticles in laser dye. The advantages of such a
material are that the amount of scattering can easily be varied
by changing the particle concentration and that the material is a
suspension and therefore ﬂuid8. Lawandy called this material laser",460
606,physics_and _applications_of_random_lasers.pdf,1,"suspension and therefore ﬂuid8. Lawandy called this material laser
paint, as it constitutes a laser that can be painted directly on a
surface. In early work, Lawandy was not always in the regime of
random lasing, and also observed similar eﬀects at zero or very
small particle concentration9,10. He corrected this in later work11. To
call a material a random laser, the multiple-scattering process has
to play a role in determining the lasing process. The term random",467
607,physics_and _applications_of_random_lasers.pdf,1,"to play a role in determining the lasing process. The term random
lasing was introduced in 1995 (refs 4,9).
Later theoretical approaches addressed the interesting issue of
photon statistics in random-laser emission. It was found that the
nature physics VOL 4 MAY 2008 www.nature.com/naturephysics
359
© 2008 Nature Publishing Group",331
608,physics_and _applications_of_random_lasers.pdf,2,"REVIEW ARTICLE
Figure 1 Multiple light scattering with gain. A random collection of microspheres
containing laser dye is excited (for example, by an external light source) to obtain
population inversion. The microspheres then scatter light and amplify it in the
process. The propagation of the light waves becomes that of an ampliﬁed
random walk.
photon statistics of a random laser are very similar to those of a
regular laser, in several aspects. Regular lasers, for instance, exhibit",486
609,physics_and _applications_of_random_lasers.pdf,2,"regular laser, in several aspects. Regular lasers, for instance, exhibit
excess photon noise that originates from the interference between
spontaneous and stimulated emission12. Beenakker and a co-worker
showed, in random matrix calculations, that excess photon noise
is also expected to occur in random lasers above threshold13,14.
Florescu and John calculated the degree of second-order coherence,
which is a measure of the ﬂuctuations of the intensity and which",464
610,physics_and _applications_of_random_lasers.pdf,2,"which is a measure of the ﬂuctuations of the intensity and which
characterizes the emission from a laser. The temporal distribution
of photons from a chaotic source is bunched (photons have a high
probability of arriving together or in other words they travel in
‘bunches’), which leads to so-called Bose–Einstein statistics. This is
in contrast to the poissonian statistics of the coherent state of a laser,
where the photons are more equally distributed in time. Florescu",473
611,physics_and _applications_of_random_lasers.pdf,2,"where the photons are more equally distributed in time. Florescu
and John predicted that a random laser above threshold should
exhibit poissonian statistics, just like a regular laser15. This result
could be derived by taking into account only diﬀusive scattering
and no coherent feedback. Poissonian photon statistics in random-
laser emission were ﬁrst observed in experiments by Cao et al.16.
Although a simpliﬁed model of diﬀusion with gain, as originally",459
612,physics_and _applications_of_random_lasers.pdf,2,"Although a simpliﬁed model of diﬀusion with gain, as originally
discussed by Letokhov, is very powerful in predicting certain
emission properties of a random laser, it also neglects some
important aspects. In particular, it neglects the fact that light rays
in a random laser, while undergoing a random walk, are subject to
interference eﬀects. It is the interference in the multiple-scattering
process that determines the mode structure of a random laser.
0
0.10
0.20
0.30
0.40
0.50
0.60
0.70
0.80",498
613,physics_and _applications_of_random_lasers.pdf,2,"0
0.10
0.20
0.30
0.40
0.50
0.60
0.70
0.80
0.90
1.00
0
0.10
0.20
0.30
0.40
0.50
0.60
0.70
0.80
0.90
1.00
1,050
1,070
1,090
1,110
λ (nm)
1,050
1,070
1,090
1,110
λ (nm)
Intensity (a.u.)
Intensity (a.u.)
© 1986 SPRINGER
Figure 2 Observation of random lasing. The emission spectrum of a solid
random-laser material based on neodinium- (Nd3+) doped lanthanum oxide (La2O3).
a, The ﬂuorescence spectrum of the material below threshold. b, The material is",447
614,physics_and _applications_of_random_lasers.pdf,2,"a, The ﬂuorescence spectrum of the material below threshold. b, The material is
above threshold and the spectrum narrows strongly. Reprinted with permission
from ref. 5.
Modes in a regular laser are determined by the laser cavity and
usually consist of standing-wave patterns. In a random laser, the
spatial proﬁle of the modes is dominated by a speckle pattern with
a gradually varying envelope. This interference plays an important
role in all random-laser materials that have been studied so far,",499
615,physics_and _applications_of_random_lasers.pdf,2,"role in all random-laser materials that have been studied so far,
including the ﬁrst structures realized by, for example, Briskina,
Migus and Lawandy and their respective co-workers (see Box 1).
In this context, the relation between random lasing and
ampliﬁed spontaneous emission can also be understood. Ampliﬁed
spontaneous emission is light that originates from spontaneous
emission and that is subsequently ampliﬁed by stimulated emission.",443
616,physics_and _applications_of_random_lasers.pdf,2,"emission and that is subsequently ampliﬁed by stimulated emission.
This process takes place without an optical cavity and can therefore
occur even in completely transparent active materials where rays
can propagate freely. The spectrum of ampliﬁed spontaneous
emission is determined by the gain curve of the active material.
Owing to the stimulated emission process, this light can even
become highly coherent under certain conditions (see Box 2).",447
617,physics_and _applications_of_random_lasers.pdf,2,"become highly coherent under certain conditions (see Box 2).
Ampliﬁed spontaneous emission is often classiﬁed as lasing without
mirrors17. In a random laser, on the other hand, the multiple-
scattering process deﬁnes optical modes with a certain central
frequency and bandwidth, lifetime and a rich spatial proﬁle.
Random lasers are therefore ‘mirror-less’ but not ‘mode-less’.
MODE STRUCTURE OF A RANDOM LASER
To develop a theory that can describe all aspects of a random",472
618,physics_and _applications_of_random_lasers.pdf,2,"MODE STRUCTURE OF A RANDOM LASER
To develop a theory that can describe all aspects of a random
laser is very diﬃcult. A complete model would have to include
the dynamics of the gain mechanism because gain saturation
forms an intrinsic aspect of an amplifying system above threshold.
Without gain saturation, the intensity would diverge leading to
unphysical results. In addition, interference eﬀects have to be
included to describe the mode structure. Interference in multiple",476
619,physics_and _applications_of_random_lasers.pdf,2,"included to describe the mode structure. Interference in multiple
scattering leads to a granular distribution of the intensity called
speckle (Fig. 3). In most random materials, the intensity is
spread throughout the sample and the modes are extended.
In certain random materials, interference can lead to an eﬀect
called light localization18–20, which is the optical counterpart of
Anderson localization of electrons21. Owing to interference, the free",452
620,physics_and _applications_of_random_lasers.pdf,2,"Anderson localization of electrons21. Owing to interference, the free
propagation of waves and thereby the multiple scattering process,
comes practically to a halt in that case. This can be understood in
terms of the formation of randomly shaped but closed modes with
an overall exponentially decaying amplitude (Fig. 3). The average
spatial extent of these localized modes deﬁnes a length scale called
360
nature physics VOL 4 MAY 2008 www.nature.com/naturephysics
© 2008 Nature Publishing Group",496
621,physics_and _applications_of_random_lasers.pdf,3,"REVIEW ARTICLE
Box 1: Deﬁnition of a random laser
There exists a misconception in the current literature that diﬀusive
and coherent random lasers should be distinguished between.
Such a distinction would suggest that in some materials the
light scattering process is subject to interference eﬀects, whereas
in others it is not. In all random-laser materials, the multiple-
scattering process is elastic, so that interference eﬀects are present",443
622,physics_and _applications_of_random_lasers.pdf,3,"scattering process is elastic, so that interference eﬀects are present
and part of the physical problem. The question is whether the
eﬀect of this interference is observed in a speciﬁc experimental
conﬁguration. For instance, by using long excitation pulses or
by averaging over several laser shots, some interference eﬀects
are averaged out. The remaining eﬀects after averaging, such as
a smooth narrowing of the spectrum, can be described by a",446
623,physics_and _applications_of_random_lasers.pdf,3,"a smooth narrowing of the spectrum, can be described by a
simpliﬁed model of diﬀusion with gain that does not need to
take interference into account. It is however possible to observe
from the same random-laser material either a smooth spectrum
or narrow spikes. The latter can only be modelled by taking into
account interference eﬀects.
To model a random laser correctly requires solving Maxwell’s
equations for a system of randomly varying refractive index with",464
624,physics_and _applications_of_random_lasers.pdf,3,"equations for a system of randomly varying refractive index with
a positive imaginary part. The optical modes that are found this
way are complex and can be Anderson localized or otherwise
conﬁned in space or extended, depending on the mean free
path of the sample. In addition, other properties can determine
the nature of the modes, such as the amount of (long-range)
correlation in the refractive index or the presence of partial order
or strong anisotropy.",460
625,physics_and _applications_of_random_lasers.pdf,3,"correlation in the refractive index or the presence of partial order
or strong anisotropy.
Given the broad scale of materials that is studied in the context
of random lasing, and the rich physics of amplifying random
systems, it is important to provide a clear deﬁnition of what is
meant by a random laser. A good deﬁnition of a laser is an optical
structure or material that satisﬁes the following two criteria:
(1) light is multiply scattered owing to randomness and ampliﬁed",477
626,physics_and _applications_of_random_lasers.pdf,3,"(1) light is multiply scattered owing to randomness and ampliﬁed
by stimulated emission, and (2) there exists a threshold, due to the
multiple scattering, above which total gain is larger than total loss.
This deﬁnition includes all multiple scattering systems with gain
in a broad range of the mean free paths ℓ. Whereas there is no
lower bound for ℓ, an upper bound is approximately the system
size, otherwise the sample becomes transparent.
Box 2: How coherent is a (random) laser?",484
627,physics_and _applications_of_random_lasers.pdf,3,"size, otherwise the sample becomes transparent.
Box 2: How coherent is a (random) laser?
Coherent feedback is not required to obtain random lasing.
The reason is that, like in a regular laser, it is not the
cavity itself that is essential for obtaining coherent laser
emission. To understand this better, ﬁrst- and second-order
coherence should be distinguished between. First-order coherence
is a measure of ﬂuctuations of the ﬁeld, whereas second-",449
628,physics_and _applications_of_random_lasers.pdf,3,"is a measure of ﬂuctuations of the ﬁeld, whereas second-
order coherence accounts for ﬂuctuations of the intensity.
For a source of suﬃciently narrow bandwidth, the ﬁrst-order
coherence is automatically high. Therefore, any mechanism
that selects a speciﬁc narrow wavelength band (for example,
a bandpass ﬁlter) creates ﬁrst-order coherence65. Second-order
coherence is more diﬃcult to obtain owing to the tendency of
photons to ‘bunch’, which creates large intensity ﬂuctuations.",480
629,physics_and _applications_of_random_lasers.pdf,3,"photons to ‘bunch’, which creates large intensity ﬂuctuations.
In a laser, second-order coherence is obtained by saturation
of the gain. This nonlinear eﬀect limits the ﬂuctuations of
the intensity and thereby increases second-order coherence. If
light is ﬁrst- and second-order coherent, the emission can be
called ‘coherent’.
A laser cavity creates feedback and thereby forms a convenient
mechanism that automatically leads to the gain saturation",448
630,physics_and _applications_of_random_lasers.pdf,3,"mechanism that automatically leads to the gain saturation
required for second-order coherent light. However, there are
other situations in which gain saturation creates light that has
second-order coherence. An example is that of the ampliﬁcation
of spontaneously emitted photons by stimulated emission. If the
gain is large, the intensity will grow such that it depletes the
gain medium completely. This will suppress the ﬂuctuations of",437
631,physics_and _applications_of_random_lasers.pdf,3,"gain medium completely. This will suppress the ﬂuctuations of
the intensity and thereby give rise to second-order coherence, or
in other words to the characteristic ‘poissonian’ photon statistics
that characterize the coherent emission of a laser source. This
also explains how a random laser can exhibit coherent emission,
independently of the degree of localization of the modes and the
amount of ‘coherent’ feedback.
the localization length. Localization can only take place in optical",488
632,physics_and _applications_of_random_lasers.pdf,3,"amount of ‘coherent’ feedback.
the localization length. Localization can only take place in optical
materials that are extremely strongly scattering, the requirement
being that the mean free path ℓbecomes smaller than the reciprocal
wavevector: kℓ≤1. This is also known as the Ioﬀe–Regel criterion22.
The need for a detailed model of random lasing became
clear after an observation by Cao and co-workers, who found
that carefully performed experiments revealed narrow spikes in",477
633,physics_and _applications_of_random_lasers.pdf,3,"that carefully performed experiments revealed narrow spikes in
the emission spectrum on top of a global narrowing23 (Fig. 4).
Attempts to understand the origin of these spikes have led to
a vivid discussion in the literature. At ﬁrst it was proposed
that Anderson localization could be behind the narrow emission
spikes24–26. The idea of using localization for lasing had already
been introduced by Pradhan and Kumar27 and was picked up by",439
634,physics_and _applications_of_random_lasers.pdf,3,"been introduced by Pradhan and Kumar27 and was picked up by
Jiang and Soukoulis24 and Vanneste and Sebbah26. They calculated
the behaviour of lower-dimensional amplifying systems, such as
random multilayer stacks and planar waveguides with disorder, and
found that localized states can trap light and thereby enhance lasing
eﬀects. However, whereas localization is relatively easy to obtain
in lower dimensions, it is extremely diﬃcult to obtain in three-",455
635,physics_and _applications_of_random_lasers.pdf,3,"in lower dimensions, it is extremely diﬃcult to obtain in three-
dimensional (3D) systems22. The reason is that the Ioﬀe–Regel
criterion kℓ≤1 is very diﬃcult to fulﬁl in optics. Most random
optical materials have kℓvalues that are much larger than 1 and care
should therefore be taken in extrapolating the theoretical results for
1D and 2D systems to 3D materials.
In a series of recent experiments, it was found that the narrow
spikes of a random laser can be observed in nearly the entire",490
636,physics_and _applications_of_random_lasers.pdf,3,"spikes of a random laser can be observed in nearly the entire
range of scattering strengths that is experimentally easily accessible,
with kℓvalues ranging between 10 and 104 (refs 28–30). As these
scattering strengths are much too weak to produce Anderson-
localization eﬀects, researchers started to look for alternative
models. An alternative mechanism that could lead to resonances
was suggested, for instance, by Apalkov et al., who discussed",447
637,physics_and _applications_of_random_lasers.pdf,3,"was suggested, for instance, by Apalkov et al., who discussed
nature physics VOL 4 MAY 2008 www.nature.com/naturephysics
361
© 2008 Nature Publishing Group",155
638,physics_and _applications_of_random_lasers.pdf,4,"REVIEW ARTICLE
Figure 3 Extended versus localized optical modes. Finite-difference time-domain
calculation of the distribution of the electromagnetic-ﬁeld intensity in a disordered
system. a, A localized mode. Here, the light is conﬁned to a mode with exponentially
decaying tails. b, An extended mode. The strongly ﬂuctuating pattern is called
speckle. The calculation is carried out for a 2D planar waveguide with random
pores. A similar pattern can be expected inside 3D random materials.",491
639,physics_and _applications_of_random_lasers.pdf,4,"pores. A similar pattern can be expected inside 3D random materials.
theoretically the consequences of having a refractive index that
varies randomly31. They suggest that, in a 2D system, the random
variations of the refractive index could cause, by chance, structures
that act as waveguides, thereby forming resonant modes.
To better understand the mode structure of a random laser,
researchers realized that it was crucial to ﬁrst understand the",447
640,physics_and _applications_of_random_lasers.pdf,4,"researchers realized that it was crucial to ﬁrst understand the
modes of passive random materials without gain. To that end, the
decay rate statistics of the modes are extremely useful because they
provide a clear tool to investigate localization and determine if
a material sustains localized or extended modes, or both32–34. If
gain is then introduced in such materials, it will be the modes
with the longest lifetime that have the lowest lasing threshold
Intensity (a.u.)
Intensity (a.u.)",491
641,physics_and _applications_of_random_lasers.pdf,4,"with the longest lifetime that have the lowest lasing threshold
Intensity (a.u.)
Intensity (a.u.)
Wavelength (nm)
375
380
385
390
395
Wavelength (nm)
375
380
385
390
395
0
1,000
1,000
1,500
2,000
2,500
0
500
2,000
3,000
4,000
5,000
6,000
7,000
© 1999 APS
Figure 4 Complex emission spectra exhibiting narrow spikes. Emission spectra of a
random laser exhibiting an overall narrowing of the spectrum together with narrow",418
642,physics_and _applications_of_random_lasers.pdf,4,"random laser exhibiting an overall narrowing of the spectrum together with narrow
spikes at random frequencies. The sample consists of zinc oxide powder with grain
size of the order of 100 nm and is excited by laser pulses of 15 ps pulse duration at
355 nm wavelength (excitation area from bottom to top: 980, 1,350 and
1,870 mm2). Reprinted with permission from ref. 23.
and that acquire the highest intensity35. Chabanov et al. studied
these decay rate statistics experimentally and suggested that",499
643,physics_and _applications_of_random_lasers.pdf,4,"these decay rate statistics experimentally and suggested that
long-lived extended modes, in regular diﬀusive materials, might
be responsible for the observed narrow spikes in random-laser
spectra33. Mujumdar and co-workers then calculated these modes
in numerical simulations and found that indeed in a ﬁnite-size
random system there exists a subset of rare extended modes with
very long lifetime, which become very important when gain is
introduced29. Mujumdar and co-workers showed that the ‘lucky",499
644,physics_and _applications_of_random_lasers.pdf,4,"introduced29. Mujumdar and co-workers showed that the ‘lucky
photons’ that are spontaneously emitted in such long-lived modes
can acquire a huge gain and give rise to spikes in the emission
spectrum of a random laser.
To determine experimentally the degree of localization of
random-laser modes, van der Molen et al. have analysed
experimentally their spatial extent by confocal microscopy36. In this
experiment, the material was both analysed and excited through the",467
645,physics_and _applications_of_random_lasers.pdf,4,"experiment, the material was both analysed and excited through the
same microscope objective, which meant that the excited region
was small. The modes that they observed this way were of the
same size as the diameter of the excited region, so that they could
not discriminate between localized or extended modes. Recently,
the modes of a random laser were calculated and visualized by
Sebbah et al. in direct ﬁnite-diﬀerence time-domain calculations",449
646,physics_and _applications_of_random_lasers.pdf,4,"Sebbah et al. in direct ﬁnite-diﬀerence time-domain calculations
(Fig. 5). They observed that extended modes that cover the entire
362
nature physics VOL 4 MAY 2008 www.nature.com/naturephysics
© 2008 Nature Publishing Group",224
647,physics_and _applications_of_random_lasers.pdf,5,"REVIEW ARTICLE
© 2007 APS
Figure 5 Numerical calculation of mode proﬁle. Numerical calculation of the distribution of the electromagnetic-ﬁeld intensity in a random laser. The plotted mode is above
threshold and lases. The spatial extent of the mode is large and it covers a signiﬁcant part the sample. Reprinted with permission from ref. 37.
sample can form lasing modes and lead to spectrally narrow
emission37, even if their quality factor is quite low.",456
648,physics_and _applications_of_random_lasers.pdf,5,"emission37, even if their quality factor is quite low.
Although it is currently unknown with certainty whether
lasing in zinc oxide, as studied ﬁrst by Cao and co-workers,
occurs in localized or extended modes, an overall agreement
of possible random-lasing mechanisms has come forward. Both
extended and localized modes in random systems can lase and
lead to spectrally narrow and coherent output. Depending on the
experimental geometry, this can be observed as narrow spikes,",477
649,physics_and _applications_of_random_lasers.pdf,5,"experimental geometry, this can be observed as narrow spikes,
or as global narrowing of the spectrum if the narrow spikes are
averaged out. Diﬀerences between the localized and extended mode
picture include the degree of mode coupling, which is obviously
much lower for the localized case. Localized modes will also
suﬀer more from gain saturation because they cover a smaller
gain volume. The intensity contained in the extended modes can",439
650,physics_and _applications_of_random_lasers.pdf,5,"gain volume. The intensity contained in the extended modes can
therefore grow much higher before the gain is depleted. The debate
that has evolved in the literature on this issue shows how rich
and complex the physical processes behind multiple scattering
in random systems are, especially when gain is introduced into
the problem.
CHAOTIC BEHAVIOUR AND LEVY STATISTICS
A laser that sustains a large number of modes that are strongly
coupled can become very sensitive to the boundary conditions. In",498
651,physics_and _applications_of_random_lasers.pdf,5,"coupled can become very sensitive to the boundary conditions. In
a pulsed conﬁguration, such a laser can show chaotic behaviour in
its temporal and spectral response. If there is no speciﬁc frequency
that dominates the others, the laser can have a diﬀerent spectrum
each time it is excited. The reason for this is that lasing starts from
spontaneous emission which is diﬀerent at every pulse.
In a random laser, a similar situation can be expected owing to",456
652,physics_and _applications_of_random_lasers.pdf,5,"In a random laser, a similar situation can be expected owing to
the large number of random modes that compete for the available
gain. Conti and co-workers38 showed that this can lead in a random
laser to a behaviour similar to that of a glass transition, in which
a certain conﬁguration is ‘frozen in’. Mode coupling is particularly
strong for extended modes that cover a large volume of the sample.
Several modes can partially occupy the same volume and therefore",464
653,physics_and _applications_of_random_lasers.pdf,5,"Several modes can partially occupy the same volume and therefore
compete for the same gain molecules. The mode coupling therefore
takes place through the gain mechanism, which means that modes
of diﬀerent wavelengths can still be coupled, even if they are not
spectrally overlapping.
Under the right conditions, a random laser can therefore
become very sensitive to tiny intensity ﬂuctuations at the start
of each laser pulse. Such eﬀects can be observed in the emission",470
654,physics_and _applications_of_random_lasers.pdf,5,"of each laser pulse. Such eﬀects can be observed in the emission
spectra of random lasers39. It was found that the narrow emission
spikes in the emission spectrum can change frequency in a random
fashion from one excitation pulse to another. The emission spectra
are then completely uncorrelated from shot to shot (Fig. 6a). As
the scattering particles are not moving in these experiments, and
all other conditions are kept perfectly constant, these diﬀerences",460
655,physics_and _applications_of_random_lasers.pdf,5,"all other conditions are kept perfectly constant, these diﬀerences
between spectra can only be due to the spontaneous emission from
which the random laser starts at each shot. This chaotic behaviour
is only observed under speciﬁc conditions, using, for example, a fast
excitation source and by collecting single-shot emission spectra.
Mode coupling in random lasers was shown to lead to
level repulsion, meaning that resonances that are very close in",450
656,physics_and _applications_of_random_lasers.pdf,5,"level repulsion, meaning that resonances that are very close in
wavelength repel each other, thereby enhancing their wavelength
diﬀerence36,40. In addition, the threshold of a random-laser system
can show chaotic behaviour, in the sense that under repeatable
experimental conditions the system jumps above and below
threshold as shown by Anglos and co-workers41 (Fig. 7). This can
again be understood as being due to a very high sensitivity of the
system to small intensity ﬂuctuations42.",488
657,physics_and _applications_of_random_lasers.pdf,5,"system to small intensity ﬂuctuations42.
An interesting consequence of these strong ﬂuctuations is that
the intensity distribution does not obey regular gaussian statistics,
but rather becomes of the Levy type. Levy distributions have an
inﬁnite variance, owing to the occurrence of rare but very large
values, and are characterized by a slowly decaying (power-law)
nature physics VOL 4 MAY 2008 www.nature.com/naturephysics
363
© 2008 Nature Publishing Group",459
658,physics_and _applications_of_random_lasers.pdf,6,"REVIEW ARTICLE
Levy
Gaussian
Gaussian
Laser threshold
0
20
40
0
600
200
Thickness
400
Gain length
Intensity (a.u.)
575
585
595
Wavelength (nm)
α = 2
α = 1
α = ½
© 2007 APS
© 2007 APS
Figure 6 Chaotic behaviour and Levy statistics. a, Series of emission spectra taken
at successive excitation shots. The single-shot spectra are clearly very different,
indicating chaotic behaviour. The sample consists of porous glass doped with laser",433
659,physics_and _applications_of_random_lasers.pdf,6,"indicating chaotic behaviour. The sample consists of porous glass doped with laser
dye and is excited by single-shot laser pulses of 15 ps pulse duration and 532 nm
wavelength. b, Phase diagram of random-laser ﬂuctuations (gain length versus
sample size). In the red regime, the statistics of the intensity ﬂuctuations are
expected to be of the Levy type. The blue line indicates the threshold. α is the ratio
between the gain length and the average path length of the light inside the sample.",493
660,physics_and _applications_of_random_lasers.pdf,6,"between the gain length and the average path length of the light inside the sample.
Note that α = 1 corresponds, therefore, to the laser threshold. Reprinted with
permission from ref. 39 (a) and ref. 45 (b).
tail. Such distributions appear in various processes in nature.
The food-search pattern of albatrosses were, for instance, found
to obey Levy statistics43. Although it is very rare to ﬁnd such
behaviour in optics, the groups of Kumar and Ramachandran",458
661,physics_and _applications_of_random_lasers.pdf,6,"behaviour in optics, the groups of Kumar and Ramachandran
managed to identify Levy statistics in the intensity distribution
of a random laser44. Later such behaviour was also found in
molecular-dynamics-type simulations45 (Fig. 6b). In particular, it
was found that there exists a regime around the laser threshold
where Levy statistics apply, whereas both far below and far above
threshold the statistics remain gaussian. This Levy regime is most",447
662,physics_and _applications_of_random_lasers.pdf,6,"threshold the statistics remain gaussian. This Levy regime is most
likely also the range in which the spectra behave chaotically.
The shot-to-shot ﬂuctuations are probably the reason that
some initial experimental studies have missed the observation of
narrow spikes46. If several emission shots are averaged over, with
20
15
10
5
0
6
4
2
0
Wavelength (nm)
Intensity (×10–3 a.u.)
Intensity (×10–4 a.u.)
360
400
440
Wavelength (nm)
360
400
440
© 2004 OSA",453
663,physics_and _applications_of_random_lasers.pdf,6,"Intensity (×10–3 a.u.)
Intensity (×10–4 a.u.)
360
400
440
Wavelength (nm)
360
400
440
© 2004 OSA
Figure 7 Threshold ﬂuctuations. Series of emission spectra from a random laser
based on a zinc oxide polymer composite. a, Picosecond, high peak intensity
excitation. b, Nanosecond, modest peak intensity excitation close to threshold. The
series corresponds to emission spectra observed in successive excitation pulses.
Although the excitation energy is constant, the system randomly jumps above and",496
664,physics_and _applications_of_random_lasers.pdf,6,"Although the excitation energy is constant, the system randomly jumps above and
below threshold at successive excitation events, as is clearly visible in b. These
strong ﬂuctuations again indicate a chaotic behaviour of the system. Reprinted with
permission from ref. 41.
the random laser being in the chaotic regime, the spikes will be
averaged out. The same could possibly occur even within a single
excitation pulse, if the pulse duration is long enough. Therefore,",468
665,physics_and _applications_of_random_lasers.pdf,6,"excitation pulse, if the pulse duration is long enough. Therefore,
ideal conditions for the observation of spikes seem to be short
(picosecond) excitation and single-shot observation. The details
of this chaotic behaviour are, however, still not fully understood
and future research is required to better understand the rich
physics involved.
MATERIALS AND GAIN MECHANISMS
A wide range of random-laser materials that can be relatively",434
666,physics_and _applications_of_random_lasers.pdf,6,"MATERIALS AND GAIN MECHANISMS
A wide range of random-laser materials that can be relatively
easily produced on an industrial scale has become available. When
realizing a random-laser material, it is important to create strong
enough scattering for the material to become optically thick. That
is, the mean free path ℓshould become at least smaller than the
sample thickness. This way the material will appear opaque, in
contrast to optically thin samples that look nearly transparent.",484
667,physics_and _applications_of_random_lasers.pdf,6,"contrast to optically thin samples that look nearly transparent.
Strong enough scattering can be achieved by grinding a material
into a powder, by suspending scattering elements in solution, or,
364
nature physics VOL 4 MAY 2008 www.nature.com/naturephysics
© 2008 Nature Publishing Group",288
668,physics_and _applications_of_random_lasers.pdf,7,"REVIEW ARTICLE
for instance, by etching a porous network of air into a solid glass or
semiconductor crystal47. The last of these has the advantage that it
can lead to very strong scattering while the pore size, and thereby
the scattering strength, can be controlled in the etching process.
The disadvantage of ground and etched materials is that the
diameter and shape of the scattering elements remain ill-deﬁned. A
diﬀerent approach to achieving strong and controllable scattering",482
669,physics_and _applications_of_random_lasers.pdf,7,"diﬀerent approach to achieving strong and controllable scattering
has recently been put forward by assembling monodisperse spheres
in a random fashion48 (Fig. 8a). In analogy to photonic crystals,
which consist of an ordered assembly of microspheres, researchers
have dubbed this new random material a photonic glass. By using
monodisperse spheres, a material in which the scattering at certain
wavelengths is resonant with the sphere diameter can be obtained.",460
670,physics_and _applications_of_random_lasers.pdf,7,"wavelengths is resonant with the sphere diameter can be obtained.
This leads to strong resonant scattering, which favours random-
laser modes at the speciﬁc wavelengths of the resonances. Hence,
the emission bands of the random laser could be tuned this way by
varying the particle diameter.
Essential in the realization of a random laser is to obtain
enough gain to reach the laser threshold. Fortunately a laser crystal
retains its capacity to amplify light through stimulated emission",487
671,physics_and _applications_of_random_lasers.pdf,7,"retains its capacity to amplify light through stimulated emission
after grinding. A good candidate for this is titanium-doped
sapphire, which emits at visible and near-infrared wavelengths.
An alternative crystalline material is zinc oxide, which is very
suitable for random lasing in the near-ultraviolet region, owing
to its high gain and strong potential for scattering. For visible
wavelengths, gain can be obtained by incorporating laser dyes,",448
672,physics_and _applications_of_random_lasers.pdf,7,"wavelengths, gain can be obtained by incorporating laser dyes,
either in solution or incorporated into the scattering elements or
the solid surrounding them.
In all cases, the gain material has to be excited to reach a
population inversion. Like in many dye and solid-state lasers, this
can be achieved through optical pumping. Nearly all random lasers
that have been realized so far work in a pulsed regime, and are
excited by a high-power pump laser. The excitation mechanism",477
673,physics_and _applications_of_random_lasers.pdf,7,"excited by a high-power pump laser. The excitation mechanism
is not as straightforward as in a regular laser, because the pump
light is also multiply scattered by the disordered structure. This
essentially leads to a diﬀusive propagation of the excitation light
and therefore a, to ﬁrst-order, linear dependence of the excitation
energy with depth.
Although it is relatively easy to synthesize a random-laser
material that supports extended modes, it is extremely diﬃcult",471
674,physics_and _applications_of_random_lasers.pdf,7,"material that supports extended modes, it is extremely diﬃcult
to realize one in which the modes are localized. This requires
very strong scattering and therefore scattering elements with a size
comparable to the wavelength and very high refractive index. At
the same time, absorption has to be avoided because it would be
counterproductive for lasing. One possible approach is to try to
induce a population inversion in disordered gallium arsenide or",451
675,physics_and _applications_of_random_lasers.pdf,7,"induce a population inversion in disordered gallium arsenide or
other semiconductor structures49. Evidence for Anderson-localized
modes of near-infrared light waves has so far been found in ﬁne
powders of gallium arsenide, which has a refractive index as high
as 3.5 (refs 50–52). For visible light, signatures of localized modes
with long lifetime have been found in titanium dioxide powders,
which have a refractive index of about 2.7 (refs 53–55).
APPLICATIONS",463
676,physics_and _applications_of_random_lasers.pdf,7,"which have a refractive index of about 2.7 (refs 53–55).
APPLICATIONS
A major advantage of random lasers over regular lasers is that
their production is cheap and the required technology relatively
simple. The high-precision methods needed to create ultraprecise
microcavities, used in for, example, diode lasers, are not required
here. In addition, the materials can be produced on a large scale
and have a high emission eﬃciency.
The properties that make a random laser special in respect to",493
677,physics_and _applications_of_random_lasers.pdf,7,"and have a high emission eﬃciency.
The properties that make a random laser special in respect to
regular lasers are its colour and angular dependence, as well as its
complex features in emission spectra. The angular distribution of
the output of a random laser is very broad and can be distributed
20 µm
200 µm
E
© 2007 WILEY
© 2004 APS
Figure 8 Random-laser materials. a, Photonic glass consisting of a random
collection of highly monodisperse microspheres. The resonances of the spheres lead",493
678,physics_and _applications_of_random_lasers.pdf,7,"collection of highly monodisperse microspheres. The resonances of the spheres lead
to strong scattering at speciﬁc wavelengths, which can be used to tune the emission
spectrum of a random laser. b, Quasi-2D random walk with gain in a random laser
based on polymer-dispersed liquid crystals. The multiple scattering in these
materials is due to small droplets of liquid crystal (shown as orange spheres)
incorporated in a polymer matrix. The droplets contain laser dye to achieve both",483
679,physics_and _applications_of_random_lasers.pdf,7,"incorporated in a polymer matrix. The droplets contain laser dye to achieve both
scattering and optical gain. If an electric ﬁeld E is applied in the vertical direction,
the liquid-crystal molecules align along the ﬁeld (shown in the magniﬁed view) and
the scattering becomes highly anisotropic. This anisotropy is so strong that it leads
to a quasi-2D diffusion process. The effect enables electrical control over the",418
680,physics_and _applications_of_random_lasers.pdf,7,"to a quasi-2D diffusion process. The effect enables electrical control over the
emission of a random laser: when the electric ﬁeld is applied, the emission regains
(planar) directionality and becomes polarized. Reprinted with permission from
ref. 48 (a) and ref. 56 (b).
over the complete solid angle of 4π. This broad angular emission
is in principle ideal for display applications. However, to develop
such applications it is crucial to have electrical control over the",471
681,physics_and _applications_of_random_lasers.pdf,7,"such applications it is crucial to have electrical control over the
emission. It was found by Gottardo et al.56 that this directionality
can indeed be electrically tuned by realizing a random laser from a
polymer-dispersed liquid crystal, a material commonly applied to
realize liquid-crystal displays. In these experiments, a new type of
active polymer-dispersed liquid crystal was realized using liquid-
crystal droplets in a polymer matrix with added laser dye. The",468
682,physics_and _applications_of_random_lasers.pdf,7,"crystal droplets in a polymer matrix with added laser dye. The
liquid-crystal droplets are optically birefringent and therefore give
rise to an extremely anisotropic, quasi-2D diﬀusion process, when
all aligned in the same direction by an electric ﬁeld (Fig. 8b). The
result is a random laser that emits mainly in a plane and of which
the output is polarized with controllable polarization.
A particular advantage of random-laser materials is that they",452
683,physics_and _applications_of_random_lasers.pdf,7,"A particular advantage of random-laser materials is that they
can be prepared in the form of suspensions of particles that can
be applied as coatings on surfaces of arbitrary shape57. This has
nature physics VOL 4 MAY 2008 www.nature.com/naturephysics
365
© 2008 Nature Publishing Group",286
684,physics_and _applications_of_random_lasers.pdf,8,"REVIEW ARTICLE
interesting potential for environment lighting, for example, in the
form of street lighting that is applied directly on the road. Such a
coating can also be applied to road vehicles, ships and aircraft. The
same technology has been patented for use in the identiﬁcation of
friendly/enemy vehicles58.
In addition to electrical control over random-laser emission,
temperature tuning has been demonstrated as well59. In this case,
the random-laser spectrum depends strongly on environment",500
685,physics_and _applications_of_random_lasers.pdf,8,"the random-laser spectrum depends strongly on environment
temperature and the random laser can even be brought above and
below threshold by temperature changes. This can be applied for
remote temperature sensing in hostile environments by inserting
a grain of random-laser material in the environment and probing
its emission spectrum remotely with a telescope. In addition, this
property can be applied to create coatings of which the colour",442
686,physics_and _applications_of_random_lasers.pdf,8,"property can be applied to create coatings of which the colour
is temperature dependent and, for example, smart windows with
diﬀerent optical properties in summer/winter.
The combination of localization and random lasing is
particularly interesting because every individual random-laser
source would give a unique emission spectrum deﬁned by the
speciﬁc localized modes in each sample. Complicating chaotic
eﬀects due to mode competition would also be much weaker in",466
687,physics_and _applications_of_random_lasers.pdf,8,"eﬀects due to mode competition would also be much weaker in
this case. This would enable coding of objects and, for example,
documents or banknotes, by incorporating a small amount of
random-laser material that would manifest itself with a unique
emission spectrum, but only when excited by a bright light source.
Localization can be relatively easily obtained in lower-
dimensional systems, such as random multilayers and planar
waveguides
with
disorder.
Recently,
Milner
and
Genack",483
688,physics_and _applications_of_random_lasers.pdf,8,"waveguides
with
disorder.
Recently,
Milner
and
Genack
demonstrated experimentally that localized modes in amplifying
random multilayers can indeed be created, and that these 1D
systems can be brought to lase60. The output is in this case
completely directional, as from a regular laser. The spectrum can
become very narrow and the output is again coherent. A useful
property of this random laser is that the cavity is intrinsically
robust against disorder. Small manufacturing errors can shift the",497
689,physics_and _applications_of_random_lasers.pdf,8,"robust against disorder. Small manufacturing errors can shift the
frequency of the lasing modes, but will not ruin the eﬃciency of
the system.
Recently, an application was proposed for random lasers in a
very diﬀerent area, namely that of medical diagnostics. Vardeny
and co-workers found that the emission spectrum of cancerous
human tissue, when doped with laser dye, could be distinguished
from healthy tissue61. This would enable an alternative strategy",457
690,physics_and _applications_of_random_lasers.pdf,8,"from healthy tissue61. This would enable an alternative strategy
for tumour diagnostics. The result links to the very active ﬁeld of
biomedical imaging with diﬀuse light and makes use of the fact that
diﬀerent tissue and bone types have diﬀerent optical structures and
mean free paths. Techniques such as photon-density wave analysis
and diﬀusing wave spectroscopy, all based on the knowledge of
multiple light scattering in random systems, have already proved",460
691,physics_and _applications_of_random_lasers.pdf,8,"multiple light scattering in random systems, have already proved
their value in characterizing tissue and monitoring blood ﬂow
during treatment and surgery62.
OUTLOOK
In future studies, it would be interesting to combine strong
scattering with gain and try to observe direct signatures of
Anderson localization on one side and random lasing on the other,
from the same material. A possible approach to reach this could be
the introduction of high enough gain in strongly scattering GaAs",486
692,physics_and _applications_of_random_lasers.pdf,8,"the introduction of high enough gain in strongly scattering GaAs
powders, for example, by electrical pumping of the GaAs itself or
the introduction of quantum-dot structures. A ﬁrst step in this
direction was done by Noginov, who managed to achieve gain and
lasing in random GaAs structures49. Alternatively, approaches could
involve composite structures based on strongly scattering titanium
dioxide combined with eﬃcient gain materials such as zinc oxide or
possibly colloidal quantum dots.",492
693,physics_and _applications_of_random_lasers.pdf,8,"dioxide combined with eﬃcient gain materials such as zinc oxide or
possibly colloidal quantum dots.
Another topic for future research could be the study of
interference eﬀects in the multiply scattered excitation light and to
look for phase correlations between the excited molecules arising
from the mode pattern of the pump light. Such phase correlations
could, for example, lead to eﬀects such as super-radiance, in which
the well-deﬁned phase between the emitting molecules leads to",486
694,physics_and _applications_of_random_lasers.pdf,8,"the well-deﬁned phase between the emitting molecules leads to
coherent emission eﬀects. In particular, constructive interference
leads, in that case, to a high and rapidly decaying emission peak
that depends on the square of the number of molecules.
The main challenge for the development of future applications
is that of electrical excitation of a random-laser material, which is
crucial for display and lighting technology. Electrical conductance",449
695,physics_and _applications_of_random_lasers.pdf,8,"crucial for display and lighting technology. Electrical conductance
is going to be an important issue here, owing to the disordered and
often porous character of the materials under study. Initial studies
of rare-earth-doped oxide powders that can be excited electrically
were carried out by Rand and co-workers63. Interestingly, random
lasing by electrical pumping has recently been achieved in the
terahertz regime by Mahler and Tredicucci64. They managed to",460
696,physics_and _applications_of_random_lasers.pdf,8,"terahertz regime by Mahler and Tredicucci64. They managed to
observe random lasing of localized modes in a quasi-periodic 1D
structure, pumping the device electrically with very high eﬃciency.
Although development of applications of random lasers is now on
its way, it has also become clear that the physics of these materials
is very rich and is bound to provide us with more surprises in the
near future.
doi:10.1038/nphys971
References
1.",441
697,physics_and _applications_of_random_lasers.pdf,8,"near future.
doi:10.1038/nphys971
References
1.
Feng, S., Kane, C., Lee, P. A. & Stone, A. D. Correlations and ﬂuctuations of coherent wave
transmission through disordered media. Phys. Rev. Lett. 61, 834–838 (1988).
2.
Koenderink, F., Lagendijk, A. & Vos, W. L. Optical extinction due to intrinsic structural variations of
photonic crystals. Phys. Rev. B 72, 153102 (2005).
3.
Letokhov, V.S. Generation of light by a scattering medium with negative resonance absorption.",470
698,physics_and _applications_of_random_lasers.pdf,8,"3.
Letokhov, V.S. Generation of light by a scattering medium with negative resonance absorption.
Zh. Eksp. Teor. Fiz. 53, 1442–1447 (1967); Sov. Phys. JETP 26, 835–840 (1968).
4.
Wiersma, D. S. & Lagendijk, A. Light diﬀusion with gain and random lasers. Phys. Rev. E 54,
4256–4265 (1996).
5.
Markushev, V. M., Zolin, V. F. & Briskina, Ch. M. Powder laser. Zh. Prikl. Spektrosk. 45,
847–850 (1986).
6.",400
699,physics_and _applications_of_random_lasers.pdf,8,"847–850 (1986).
6.
Gouedard, C., Husson, D., Sauteret, C., Auzel, F. & Migus, A. Generation of spatially incoherent short
pulses in laser-pumped neodymiun stoichiometric crystals and powders. J. Opt. Soc. Am. B 10,
2358–2362 (1993).
7.
Lawandy, N. M., Balachandran, R. M., Gomes, A. S. L. & Sauvain, E. Laser action in strongly
scattering media. Nature 368, 436–438 (1994).
8.
Sha, W. L., Liu, C. H. & Alfano, R. R. Spectral and temporal measurements of laser action of",469
700,physics_and _applications_of_random_lasers.pdf,8,"8.
Sha, W. L., Liu, C. H. & Alfano, R. R. Spectral and temporal measurements of laser action of
Rhodamine-640 dye in strongly scattering media. Opt. Lett. 19, 1922–1924 (1994).
9.
Wiersma, D. S., van Albada, M. P. & Lagendijk, A. Random laser? Nature 373, 203–204 (1995).
10. Lawandy, N. M. & Balachandran, R. M. Random laser?—Reply. Nature 373, 204 (1995).
11. Martorell, J., Balachandran, R. M. & Lawandy, N. M. Radiative coupling between photonic paint
layers. Opt. Lett. 21, 239–241 (1996).",494
701,physics_and _applications_of_random_lasers.pdf,8,"layers. Opt. Lett. 21, 239–241 (1996).
12. Petermann, K. Calculated spontaneous emission factor for double-heterostructure injection lasers
with gain-induced waveguiding. IEEE J. Quantum. Electron. 15, 566–570 (1979).
13. Beenakker, C. W. J. Thermal radiation and ampliﬁed spontaneous emission from a random medium.
Phys. Rev. Lett. 81, 1829–1832 (1998).
14. Mishchenko, E. G. & Beenakker, C. W. J. Radiative transfer theory for vacuum ﬂuctuations. Phys. Rev.
Lett. 83, 5475–5478 (1999).",487
702,physics_and _applications_of_random_lasers.pdf,8,"Lett. 83, 5475–5478 (1999).
15. Florescu, L. & John, S. Photon statistics and coherence in light emission from a random laser. Phys.
Rev. Lett. 93, 013602 (2004).
16. Cao, H., Ling, Y., Xu, J. Y., Cao, C. Q. & Kumar, P. Photon statistics of random lasers with resonant
feedback. Phys. Rev. Lett. 86, 4524–4527 (2001).
17. Siegman, A. E. Lasers (Univ. Science Books, Mill Valley, 1986).
18. John, S. Electromagnetic absorption in a disordered medium near a photon mobility edge. Phys. Rev.",488
703,physics_and _applications_of_random_lasers.pdf,8,"Lett. 53, 2169–2172 (1984).
19. Anderson, P. W. The question of classical localization: A theory of white paint? Phil. Mag. B 52,
505–508 (1985).
20. Lagendijk, A., van Albada, M. P. & van der Mark, M. B. Localization of light: The quest for the white
hole. Physica A 140, 183–190 (1986).
21. Lee, P. A. & Ramakrishnan, T. V. Disordered electronic systems. Rev. Mod. Phys. 57, 287–337 (1985).
22. Abrahams, E., Anderson, P. W., Licciardello, D. C. & Ramakrishnan, T. V. Scaling theory of",487
704,physics_and _applications_of_random_lasers.pdf,8,"22. Abrahams, E., Anderson, P. W., Licciardello, D. C. & Ramakrishnan, T. V. Scaling theory of
localization: Absence of quantum diﬀusion in two dimensions. Phys. Rev. Lett. 42, 673–676 (1979).
23. Cao, H. et al. Random laser action in semiconductor powder. Phys. Rev. Lett. 82, 2278–2281 (1999).
24. Jiang, X. Y. & Soukoulis, C. M. Time dependent theory for random lasers. Phys. Rev. Lett. 85,
70–73 (2000).",407
705,physics_and _applications_of_random_lasers.pdf,8,"70–73 (2000).
25. Cao, H. et al. Spatial conﬁnement of laser light in active random media. Phys. Rev. Lett. 84,
5584–5587 (2000).
26. Vanneste, C. & Sebbah, P. Selective excitation of localized modes in active random media. Phys. Rev.
Lett. 87, 183903 (2001).
27. Pradhan, P. & Kumar, N. Localization of light in coherently amplifying random media. Phys. Rev. B
50, 9644–9647 (1994).
28. Polson, R. C., Chipouline, A. & Vardeny, Z. V. Random lasing in pi-conjugated ﬁlms and inﬁltrated",485
706,physics_and _applications_of_random_lasers.pdf,8,"opals. Adv. Mater. 13, 760–764 (2001).
29. Mujumdar, S., Ricci, M., Torre, R. & Wiersma, D. S. Ampliﬁed extended modes in random lasers.
Phys. Rev. Lett. 93, 053903 (2004).
366
nature physics VOL 4 MAY 2008 www.nature.com/naturephysics
© 2008 Nature Publishing Group",266
707,physics_and _applications_of_random_lasers.pdf,9,"REVIEW ARTICLE
30. Strangi, G. et al. Random lasing and weak localization of light in dye-doped nematic liquid crystals.
Opt. Express 14, 7737–7744 (2006).
31. Apalkov, V. M., Raikh, M. E. & Shapiro, B. Random resonators and prelocalized modes in disordered
dielectric ﬁlms. Phys. Rev. Lett. 89, 016802 (2002).
32. Chabanov, A. A. & Genack, A. Z. Statistics of dynamics of localized waves. Phys. Rev. Lett. 87,
233903 (2001).",425
708,physics_and _applications_of_random_lasers.pdf,9,"233903 (2001).
33. Chabanov, A. A., Zhang, Z. Q. & Genack, A. Z. Breakdown of diﬀusion in dynamics of extended
waves in mesoscopic media. Phys. Rev. Lett. 90, 203903 (2003).
34. Skipetrov, S. E. & van Tiggelen, B. A. Dynamics of weakly localized waves. Phys. Rev. Lett. 92,
113901 (2004).
35. Patra, M. Decay rate distributions of disordered slabs and application to random lasers. Phys. Rev. E
67, 016603 (2003).",413
709,physics_and _applications_of_random_lasers.pdf,9,"67, 016603 (2003).
36. van der Molen, K. L., Tjerkstra, R. W., Mosk, A. P. & Lagendijk, A. Spatial extent of random laser
modes. Phys. Rev. Lett. 98, 143901 (2007).
37. Vanneste, C., Sebbah, P. & Cao, H. Lasing with resonant feedback in weakly scattering random
systems. Phys. Rev. Lett. 98, 143902 (2007).
38. Angelani, L., Conti, C., Ruocco, G. & Zamponi, F. Glassy behavior of light. Phys. Rev. Lett. 96,
065702 (2006).",422
710,physics_and _applications_of_random_lasers.pdf,9,"065702 (2006).
39. Mujumdar, S., Tuerck, V., Torre, R. & Wiersma, D. S. Chaotic behavior of a random laser with static
disorder. Phys. Rev. A 76, 033807 (2007).
40. Cao, H., Jiang, X., Ling, Y., Xu, J. Y. & Soukoulis, C. M. Mode repulsion and mode coupling in
random lasers. Phys. Rev. B 67, 161101 (2003).
41. Anglos, D. et al. Random laser action in organic–inorganic nanocomposites. J. Opt. Soc. Am. B 21,
208–213 (2004).",424
711,physics_and _applications_of_random_lasers.pdf,9,"208–213 (2004).
42. van der Molen, K., Mosk, A. P. & Lagendijk, A. Intrinsic intensity ﬂuctuations in random lasers.
Phys. Rev. A 74, 053808 (2006).
43. Viswanathan, G. M. et al. L´evy ﬂight search patterns of wandering albatrosses. Nature 381,
413–415 (1996).
44. Sharma, D., Ramachandran, H. & Kumar, N. L´evy statistics of emission from a novel random
amplifying medium: An optical realisation of the Arrhenius cascade. Opt. Lett. 31, 1806–1808 (2006).",455
712,physics_and _applications_of_random_lasers.pdf,9,"45. Lepri, S., Cavalieri, S., Oppo, G. L. & Wiersma, D. S. Statistical regimes of random laser ﬂuctuations.
Phys. Rev. A 75, 063820 (2007).
46. van Soest, G. Experiments on Random Lasers. PhD thesis, Univ. Amsterdam (2001).
47. Schuurmans, F. J. P., Vanmaekelbergh, D., van de Lagemaat, J. & Lagendijk, A. Strongly photonic
macroporous GaP networks. Science 284, 141–143 (1999).
48. Garc`ıa, P. D., Sapienza, R., Blanco, A. & L´opez, C. Photonic glass: A novel random material for light.",487
713,physics_and _applications_of_random_lasers.pdf,9,"Adv. Mater. 19, 2597–2602 (2007).
49. Noginov, M. A. Solid-State Random Lasers (Springer Series in Optical Sciences, Vol. 105, Springer,
Berlin, 2005).
50. Wiersma, D. S., Bartolini, P., Lagendijk, A. & Righini, R. Localization of light in a disordered medium.
Nature 390, 671–673 (1997).
51. Scheﬀold, F., Lenke, R., Tweer, R. & Maret, G. Localization or classical diﬀusion of light? Nature 398,
206–207 (1999).",412
714,physics_and _applications_of_random_lasers.pdf,9,"206–207 (1999).
52. Wiersma, D. S., Gomez-Rivas, J., Bartolini, P., Lagendijk, A. & Righini, R. Reply: Localization or
classical diﬀusion of light? Nature 398, 207 (1999).
53. Wiersma, D. S., van Albada, M. P., van Tiggelen, B. A. & Lagendijk, A. Experimental evidence for
recurrent multiple scattering events of light in disordered media. Phys. Rev. Lett. 74,
4193–4196 (1995).
54. Chabanov, A. A., Stoytchev, M. & Genack, A. Z. Statistical approach to photon localization. Nature",481
715,physics_and _applications_of_random_lasers.pdf,9,"404, 850–852 (2000).
55. St¨orzer, M., Gross, P., Aegerter, C. M. & Maret, G. Observation of the critical regime near Anderson
localization of light. Phys. Rev. Lett. 96, 063904 (2006).
56. Gottardo, S., Cavalieri, S., Yaroschuck, O. & Wiersma, D. S. Quasi 2D random laser action. Phys. Rev.
Lett. 93, 263901 (2004).
57. Laine, R. M., Rand, S. C., Hinklin, T. & Williams, G. R. Ultraﬁne powders and their use as lasing
media. US Patent 6,656,588 (2003).",453
716,physics_and _applications_of_random_lasers.pdf,9,"media. US Patent 6,656,588 (2003).
58. Dubois, J. & la Rochelle, S. Active cooperative tuned identiﬁcation friend or foe (ACTIFF). US Patent
5,966,227 (1999).
59. Wiersma, D. S. & Cavalieri, S. A temperature-tunable random laser. Nature 414, 708–709 (2001).
60. Milner, V. & Genack, A. Z. Photon localization laser: Low-threshold lasing in a random amplifying
layered medium via wave localization. Phys. Rev. Lett. 94, 073901 (2005).",433
717,physics_and _applications_of_random_lasers.pdf,9,"layered medium via wave localization. Phys. Rev. Lett. 94, 073901 (2005).
61. Polson, R. C. & Varden, Z. V. Random lasing in human tissues. Appl. Phys. Lett. 85, 1289–1291 (2004).
62. Choe, R. et al. Diﬀuse optical tomography of breast cancer during neoadjuvant chemotherapy: A case
study with comparison to MRI. Med. Phys. 32, 1128–1139 (2005).
63. Williams, G. R., Bayram, S. B., Rand, S. C., Hinklin, T. & Laine, R. M. Laser action in strongly",446
718,physics_and _applications_of_random_lasers.pdf,9,"scattering rare-earth-metal-doped dielectric nanophosphors. Phys. Rev. A 65, 013807 (2001).
64. Mahler, L. & Tredicucci, A. Electrically pumped random laser in the Tera Hertz regime
(2008, in the press).
65. Lang, R., Scully, M. O. & Lamb, W. E. Why is the laser line so narrow? A theory of single-quasimode
laser operation. Phys. Rev. A 7, 1788–1797 (1973).
Acknowledgements
I wish to thank the entire optics of complex systems group at LENS for discussions as well as",469
719,physics_and _applications_of_random_lasers.pdf,9,"I wish to thank the entire optics of complex systems group at LENS for discussions as well as
S. Mujumdar, S. Lepri, S. Cavalieri, R. Righini, M. Colocci, T. Arecchi, F. Marin, A. Lagendijk,
K. van der Molen, A. Mosk, D. Anglos, A. Genack, P. Sebbah, M. Noginov and H. Cao. In addition,
I thank the authors of the various papers discussed in this review for providing high-quality reprints of
their ﬁgures and F. Riboli and P. Barthelemy for the ﬁnite-diﬀerence time-domain calculations on the",493
720,physics_and _applications_of_random_lasers.pdf,9,"extended and localized ﬁeld distributions. This work was partially ﬁnanced by the European Network
of Excellence Phoremost.
Author information
Reprints and permission information is available online at http://npg.nature.com/reprintsandpermissions.
nature physics VOL 4 MAY 2008 www.nature.com/naturephysics
367
© 2008 Nature Publishing Group",341
721,semiconductor_lasers.pdf,1,"Semiconductor Lasers
Britt Elin Gihleengen, Lasse Thoresen
and Kim Anja Grimsrud
TFY14 Functional Materials — NTNU 2007",119
722,semiconductor_lasers.pdf,2,"Contents
1
Introduction
1
2
Basic Laser Theory
2
2.1
Stimulated Emission
. . . . . . . . . . . . . . . . . . . . . . .
2
2.2
Population Inversion [4]
. . . . . . . . . . . . . . . . . . . . .
2
2.3
Physical Structure
. . . . . . . . . . . . . . . . . . . . . . . .
4
3
Semiconductor Lasers
6
3.1
Basic Physics . . . . . . . . . . . . . . . . . . . . . . . . . . .
6
3.2
Homojunction Laser [17] . . . . . . . . . . . . . . . . . . . . .
8
3.3",441
723,semiconductor_lasers.pdf,2,"6
3.2
Homojunction Laser [17] . . . . . . . . . . . . . . . . . . . . .
8
3.3
Heterojunction Laser . . . . . . . . . . . . . . . . . . . . . . .
9
4
Semiconductor Laser Materials
12
5
Applications
15
6
Recent Development: Quantum Dot Lasers
17
7
Future Aspects
20
ii",266
724,semiconductor_lasers.pdf,3,"1
1
Introduction
A laser is an optical device that creates and ampliﬁes a narrow and intense
beam of coherent, monochromatic light. LASER stands for “Light Ampliﬁ-
cation by Stimulated Emission of Radiation” [7, 14].
The invention of the laser can be dated to the year 1958, with the pub-
lication of the scientiﬁc paper Infrared and Optical Masers, by Arthur L.
Schawlow and Charles H. Townes in the American Physical Society’s Physi-",435
725,semiconductor_lasers.pdf,3,"Schawlow and Charles H. Townes in the American Physical Society’s Physi-
cal Review [7]. However, it was Albert Einstein who ﬁrst proposed the theory
of “Stimulated Emission” already in 1917, which is the process that lasers
are based on [16].
(a) Charles H. Townes (b) Arthur L. Schawlow with a ruby laser, 1961
Semiconductors can be used as small, highly eﬃcient photon sources in
lasers. These are called semiconductor lasers [13].",434
726,semiconductor_lasers.pdf,3,"lasers. These are called semiconductor lasers [13].
The original concepts of semiconductor lasers dates from 1961, when
Basov et al. [2] suggested that emission of photons could be produced in
semiconductors by the recombination of carriers injected across a p-n junc-
tion.
The ﬁrst p-n junction lasers were built in GaAs (infrared) [3] and
GaAsP (visible) [5] in 1962, and this made the laser an important part of
semiconductor device technology [14].",453
727,semiconductor_lasers.pdf,3,"semiconductor device technology [14].
Today lasers are used in many diﬀerent areas such as communication, in-
dustry, medicine, and environmental care and research. The laser has become
one of the most powerful tools for scientists in physics, chemistry, biology and
medicine throughout the world [16]. The semiconductor laser has become es-
pecially attractive because of its low price and small size. It is also very
eﬃcient, in contrast to most other laser types, and has very simple power",492
728,semiconductor_lasers.pdf,3,"eﬃcient, in contrast to most other laser types, and has very simple power
supply requirements [4].",98
729,semiconductor_lasers.pdf,4,"2
2
Basic Laser Theory
2.1
Stimulated Emission
The principles of a laser can be explained on the basis of photons and atomic
energy levels. For simplicity we consider an atomic electron with only two
energy levels separated by an energy E. When in the lower energy state, the
system may be excited to the upper state by absorbing a photon with energy
E = hν, where h is Planck’s constant and ν is the frequency of the photon.
The same atom will later return to the ground level emitting a photon with",500
730,semiconductor_lasers.pdf,4,"The same atom will later return to the ground level emitting a photon with
the same frequency as the one originally absorbed. This process is called
spontaneous emission and will produce light of random direction and phase
[23].
Lasers are based on the process of stimulated emission. In this process
an electron in a higher or excited state is induced to drop to a lower energy
level, stimulated by the presence of photons of the proper wavelength. This",454
731,semiconductor_lasers.pdf,4,"level, stimulated by the presence of photons of the proper wavelength. This
drop results in an emission of a photon. The stimulating photons have an
energy of hν, the same as the energy diﬀerence between the two energy levels.
Thus the radiation will be monochromatic, since all the photons will have
the same energy. It will also be coherent, because all photons released will
be in phase and reinforcing. The process is illustrated in ﬁgure 1 [14].
Figure 1: Process of stimulated emission [20].",497
732,semiconductor_lasers.pdf,4,"Figure 1: Process of stimulated emission [20].
2.2
Population Inversion [4]
Let us assume a collection of atoms where each atom has two energy states
E1 and E2. The number of atoms in each state are N1 and N2 respectively. If
a beam of radiation with frequency ν12 = (E2 −E1)/h is passed through this",300
733,semiconductor_lasers.pdf,5,"2.2
Population Inversion [4]
3
collection of atoms then both absorption and stimulated emission processes
occur. The probability of a photon being absorbed when it encounters an
atom in the lower energy state, is the same as the photon causing stimu-
lated emission when it encounters an atom in the upper energy state. This
means that the photons in the beam will be lost through absorption at a
rate proportional to N1, and created through stimulated emission at a rate",471
734,semiconductor_lasers.pdf,5,"rate proportional to N1, and created through stimulated emission at a rate
proportional to N2. The number of photons, n, will change in time according
to
dn
dt = C(N2 −N1)
(1)
where C is a constant.
When N2 > N1 the number of photons will grow in time and laser light is
produced. This condition is called population inversion. Unfortunately, when
atoms are in thermal equilibrium, N1 is always greater than N2, and input
of external energy, often called ’pumping’, is needed to achieve population",497
735,semiconductor_lasers.pdf,5,"of external energy, often called ’pumping’, is needed to achieve population
inversion.
Consider an example of a three level laser. It consists of a gain medium
of ruby formed as a rod and a high power ﬂash tube providing illumination
for pumping. Ruby is actually a crystal of Al2O3 containing a small amount
of Cr. It is the excitation levels of the chromium that provides the states
needed for lasing. Figure 2 shows a schematic diagram of the three levels",458
736,semiconductor_lasers.pdf,5,"needed for lasing. Figure 2 shows a schematic diagram of the three levels
used for lasing. Levels 1 and 2 are suﬃciently far above the ground state so
that, in thermal equilibrium, their populations are negligible compared with
that of the ground state.
Figure 2: A schematic diagram of a three level laser showing the pumping
and laser transitions.
The illumination for the pumping contains the frequency component
needed to excite the atoms from level 0 to 2. The atoms in level 2 make",487
737,semiconductor_lasers.pdf,6,"2.3
Physical Structure
4
a rapid (nonradiative) transition to level 1, which has a comparatively long
lifetime. The atoms tend to pile up in level 1 and given suﬃciently intense
pumping, a population inversion between level 1 and 0 is created. Any light
of the correct frequency will cause stimulated emission between these two
levels, and laser light is created.
2.3
Physical Structure
A laser will normally consist of a gain medium with mirrors on each end (see",463
738,semiconductor_lasers.pdf,6,"2.3
Physical Structure
A laser will normally consist of a gain medium with mirrors on each end (see
ﬁgure 3), and some kind of external energy for pumping. The gain medium
can be a solid, liquid or gas, and the beam of photons will amplify as it moves
through it. Unless the pumping is extremely intense or the gain medium is
very long, the beam irradiance will not be particularly strong after just one
transit of the laser medium. This is why mirrors are used in each end to",476
739,semiconductor_lasers.pdf,6,"transit of the laser medium. This is why mirrors are used in each end to
create optical feedback. This causes each photon to pass through the medium
several times, stimulating more emissions before escaping [4].
Figure 3: A laser with a gain medium and mirrors on each side to provide
optical feedback.
The mirrors and the space between is called laser cavity (also called opti-
cal cavity). One of the mirrors is usually highly reﬂective while the other one",458
740,semiconductor_lasers.pdf,6,"cal cavity). One of the mirrors is usually highly reﬂective while the other one
will have a reﬂectance of around 95%, allowing the laser light to go through.
One of the requirements for stable behaviour for a plane wavefront travelling
back and forth within the cavity, is that the phase of the wavefront at a par-
ticular point must be the same (to within an integer multiple of 2π). That
is why the laser is sometimes more accurately referred to as laser oscillator
[4].",472
741,semiconductor_lasers.pdf,6,"is why the laser is sometimes more accurately referred to as laser oscillator
[4].
Several diﬀerent methods are used for laser pumping, and optical, elec-
trical and chemical pumping are some of the common ones. The intensity of
the energy source must be higher than a certain threshold value to be able to",306
742,semiconductor_lasers.pdf,7,"2.3
Physical Structure
5
provide enough excited atoms to exceed the ones lost by spontaneous emis-
sion and other factors. Even with high enough pumping the laser beam will
not amplify indeﬁnitely. As the irradiance in the cavity increases, the gain
tend to decrease because of a reduction in the population inversion. There
will inevitable be a cavity loss due to absorption and optical elements which
couple light out of the cavity. The irradiance reaches a saturation level when",481
743,semiconductor_lasers.pdf,7,"couple light out of the cavity. The irradiance reaches a saturation level when
the losses per transit is equal to the gain per transit [4, 18].",143
744,semiconductor_lasers.pdf,8,"6
3
Semiconductor Lasers
3.1
Basic Physics
In a semiconductor laser, the gain medium consists of layers of doped semi-
conducting material. Light is emitted at a junction between two regions of
opposite doping as shown in ﬁgure 4. The mode of operation is somewhat
diﬀerent than that of the laser described in the previous chapter. In stead
of exciting atomic electrons at separate locations in a medium by ﬂashing
light, the population inversion is created in the large number of electrons at",493
745,semiconductor_lasers.pdf,8,"light, the population inversion is created in the large number of electrons at
a junction. And pumping is done by injecting carriers (electrons). Due to
the crystalline nature of semiconductors, the electrons do not have discreet
energy levels as the single chromium ions in a ruby, but continuous bands
of available states. The lowest bands of electrons are tightly bound to the
atoms and we are only interested in the uppermost completely ﬁlled valence",454
746,semiconductor_lasers.pdf,8,"atoms and we are only interested in the uppermost completely ﬁlled valence
band Ev, and the (intrinsic) empty conduction band Ec above. The lasing
action will take place between the edges of these two bands and therefore the
emitted light will be of a frequency proportional to the band gap Eg [14].
Figure 4: A simple p-n junction laser [17].
Electrons in a crystal may be represented by a propagating plane wave
and has a relationship between energy E and wave vector⃗k (momentum) as",485
747,semiconductor_lasers.pdf,8,"and has a relationship between energy E and wave vector⃗k (momentum) as
showed in ﬁgure 5. A direct band gap means that the lowest electron energy
in the conduction band has the same⃗k as the highest in the valence band.
This means that an electron may jump from Ec to Ev (emitting a photon)
without changing its momentum [14].",327
748,semiconductor_lasers.pdf,9,"3.1
Basic Physics
7
Figure 5: A direct transition accompanied by a photon emission [14].
As in other laser media, it is necessary to create a population inversion
in order to obtain a net positive gain.
The simplest way of describing a
population inversion for semiconductors is to consider the band diagram of a
p-n junction as in ﬁgure 6. When the Fermi levels for each side lie within their
Figure 6: Band diagram of a p-n junction laser under forward bias. The",464
749,semiconductor_lasers.pdf,9,"Figure 6: Band diagram of a p-n junction laser under forward bias. The
crosshatched region indicates the inversion region at the junction [14].
respective bands (e.g. are heavily doped) and the junction is under forward
bias, the Fermi level will not stay as one line over the middle, but split into
quasi-Fermi levels Fn and Fp. This means that in a thin area, known as the",374
750,semiconductor_lasers.pdf,10,"3.2
Homojunction Laser [17]
8
inversion region, we will have a large amount of both electrons and holes
in the same space, allowing a lot of recombinations to take place. Since we
have a number of occupied states in both bands, transitions will not only be
between the edges of the bands, they may take place with energies ranging
from hν = (Fn −Fp) to hν = Eg. Dominant transitions are determined
mainly by the resonant cavity, and the fact that recombination radiation
near hν = Eg is strong [17].",499
751,semiconductor_lasers.pdf,10,"near hν = Eg is strong [17].
3.2
Homojunction Laser [17]
The simplest and earliest form of a semiconducting laser was based on an
n-doped piece of GaAs. A portion of the material was p-doped by diﬀusion
to make a p-n junction as seen in ﬁgure 7. Since there is only one type of
material, this is referred to as the homostructure laser. An optical cavity is
made by cleaving two of the edges along a crystal plane and roughening the",431
752,semiconductor_lasers.pdf,10,"made by cleaving two of the edges along a crystal plane and roughening the
other two. The cleaved edges are often left uncoated, giving a Fresnel reﬂec-
Figure 7: Diagram of a homostructure laser showing light emission from
cleaved edge [17].
tivity of about 30% because of the large diﬀerence in refractive index. These
partial mirrors will create a Fabry-Perot optical cavity and the roughened
edges will prevent crosswise specular reﬂection. The diﬀerence in electron",470
753,semiconductor_lasers.pdf,10,"edges will prevent crosswise specular reﬂection. The diﬀerence in electron
density across the junction will produce a graded index of refraction, acting
as an optical waveguide. At 80K, the current density Jth needed for this
device to lase is of the order of 500 −1000Acm−2. Jth is however very tem-
perature sensitive, and has been measured in room temperature to be of the
order of 30−50kAcm−2. One of the main reasons for this high threshold cur-",450
754,semiconductor_lasers.pdf,10,"order of 30−50kAcm−2. One of the main reasons for this high threshold cur-
rent is that the thickness of the inversion region increases with temperature,",153
755,semiconductor_lasers.pdf,11,"3.3
Heterojunction Laser
9
making it necessary to provide a greater volume of injected carriers. This
will also lead to a ﬂatter distribution of the refractive index, thus weakening
the waveguiding properties.
3.3
Heterojunction Laser
The need for maintaining a thin inversion region and good optical waveg-
uiding properties lead to the use of additional materials for laser devices.
Improved operation can be achieved by sandwiching layers of materials with",459
756,semiconductor_lasers.pdf,11,"Improved operation can be achieved by sandwiching layers of materials with
diﬀerent band gap, limiting the spread of carriers and containing the optical
wave. As explained in the materials section, the band gap of several ternary
and quaternary compounds may be adjusted by varying the composition of
the elements. The ideal is to use materials with matching lattice constant,
thus eliminating defect states at the junctions [17].",430
757,semiconductor_lasers.pdf,11,"thus eliminating defect states at the junctions [17].
The simplest of the heterostructures, is the single heterojunction laser.
As in the homostructure, it consist of an active layer of GaAs where the p-n
junction is located. In addition, a layer of (AlGa)As has been grown on top
of the p-region as shown in ﬁgure 8. This layer will act as a barrier for the
injected carriers because it has a higher band gap as shown in ﬁgure 9. This",435
758,semiconductor_lasers.pdf,11,"injected carriers because it has a higher band gap as shown in ﬁgure 9. This
junction to a material with a diﬀerent band gap will also create an abrupt
change in refractive index, thus providing better waveguiding properties [17].
Figure 8: Diagram of a single heterostructure [17].
This structure has the advantage that it is easy to fabricate.
P-type
(AlGa)As may be epitaxially grown on an n-type GaAs substrate. By heat-",424
759,semiconductor_lasers.pdf,11,"P-type
(AlGa)As may be epitaxially grown on an n-type GaAs substrate. By heat-
ing it up, dopants will diﬀuse from the upper layer and in to the substrate,
creating a p-doped region of GaAs. The threshold current density for this
structure is about 6000−8000Acm−2. 5-10 times lower than for a homostruc-
ture [17].",314
760,semiconductor_lasers.pdf,12,"3.3
Heterojunction Laser
10
Figure 9: Distribution of conduction and valence bands perpendicular to a
p-n junction in a single heterostructure laser [17].
A further lowering of the threshold current can be achieved with the
double heterostructure.
In this structure, the active region is sandwiched
between a p- and n-type AlGaAs, as shown in ﬁgure 10. In this device, Jth
may be lowered so that a continuous wave operation can be allowed at room
temperature [17].",464
761,semiconductor_lasers.pdf,12,"may be lowered so that a continuous wave operation can be allowed at room
temperature [17].
An even more eﬀective variant of the double heterojunction laser is made
by narrowing the injected current to a thin stripe of active material. This
increased density over a small area will allow for further reducing of the
current [17].
Figure 10: Diagram of a double heterostructure [17].
In all of the so far reviewed laser structures, carrier conﬁnement and",453
762,semiconductor_lasers.pdf,12,"In all of the so far reviewed laser structures, carrier conﬁnement and
waveguiding have both depended on the same junction to a material of dif-
ferent band gap. It is more eﬀective to divide these functions so that each
can be optimized. In a Separate Conﬁnement Channel structure, as shown
in ﬁgure 11, the carrier recombination takes place in a thin region d whereas",369
763,semiconductor_lasers.pdf,13,"3.3
Heterojunction Laser
11
the optical waveguiding is conﬁned in a wider region w. Again considering
the GaAs−AlxGa1−xAs-system, carrier conﬁnement needs a step to a region
containing a smaller amount of Al than the waveguiding needs [14].
Figure 11: Separate changes in compounds will conﬁne carriers to the thin
region d, and waveguiding will take place in a larger region w [17].
By gradually changing the Al content on both sides of the carrier con-",454
764,semiconductor_lasers.pdf,13,"By gradually changing the Al content on both sides of the carrier con-
ﬁnement region as shown in ﬁgure 12, waveguiding properties compared to
that of a ﬁber optic channel may be achieved [14].
Figure 12: Grading the alloy composition, and therefore the refractive index
for better waveguiding and carrier conﬁnement [14].",322
765,semiconductor_lasers.pdf,14,"12
4
Semiconductor Laser Materials
Semiconductor lasers have been made from many diﬀerent semiconductor
materials. The main aim for investigating the use of diﬀerent materials is to
extend the range of possible wavelengths [17].
Most semiconductor lasers are based on compounds from the III and V
columns of the periodic table (ﬁgure 13). An example is gallium arsenide,
which was the ﬁrst semiconductor laser material. The ﬁrst semiconductor",442
766,semiconductor_lasers.pdf,14,"which was the ﬁrst semiconductor laser material. The ﬁrst semiconductor
lasers were made of crystals containing a junction of p- and n-type gallium
arsenide. These have now been superseded by alloys containing three or four
elements from columns III and V in the periodic table, called ternary or
quaternary compound semiconductors. In such compounds the percentage
Figure 13: Periodic table of elements.
of each component can be varied, so that diﬀerent material properties can be",481
767,semiconductor_lasers.pdf,14,"of each component can be varied, so that diﬀerent material properties can be
achieved. Some examples are the ternary compound Al1−xGaxAs (aluminium
gallium arsenide), and the quaternary compound is In1−xGaxAs1−yPy (in-
dium gallium arsenide phosphide). In this notationx and y are composition
parameters that have values between 0 and 1. They deﬁne the exact compo-
sition of the compound. Thus, the Al1−xGaxAs system can vary continuously
from AlAS, where x=0, to GaAs, where x=1 [10].",486
768,semiconductor_lasers.pdf,14,"from AlAS, where x=0, to GaAs, where x=1 [10].
Some of the most important types of semiconductor lasers are shown
in table 1.
The most common semiconductor laser material is the alloy
aluminium gallium arsenide.",211
769,semiconductor_lasers.pdf,15,"13
Table 1: Semiconductor Laser Materials [10]
Material
Wavelength range (nm)
Al1−xGaxAs
780-880
In1−xGaxAs1−yPy
1150-1650
AlxGayIn1−x−yP
630-680
In1−xGaxAs
980
Figure 14 shows the relationship between the lattice constant and the
band gap in a number of ternary solid solutions of III/V compounds. This
kind of diagram is useful to show the range of band gaps that can be ob-
tained when you want to change the composition of the solid solution without
altering the lattice constant [17].",489
770,semiconductor_lasers.pdf,15,"altering the lattice constant [17].
Figure 14: Bandgap energy and lattice constant of various III/V semicon-
ductors at room temperature [12].
There are also other types of semiconductor lasers available, for example
compounds from the II and VI columns of the periodic table. These devices
operate in the long wavelength infrared region, and they are very expensive",366
771,semiconductor_lasers.pdf,16,"14
and not as common as the III/V compounds. Some commercially available
devices are listed in table 2. The composition parameter x determines the
range of operation for the diﬀerent compounds [10].
Table 2: Examples of Long-Wavelength Infrared Semiconductor Laser Mate-
rials [10]
Material
Wavelength range (µm)
Pb1−xSnxSe
8-12.5
PbSe
8
Pb1−xEuxSe
3.5-8
Materials used in semiconductor lasers must be eﬃcient light emitters.
The formation of p-n junctions, and in most cases also the formation of",497
772,semiconductor_lasers.pdf,16,"The formation of p-n junctions, and in most cases also the formation of
heterojunction barriers, must also be possible.
Thus, some materials are
simply not suitable for practical use in semiconductors. Semiconductors with
indirect band gaps are examples of such materials, they are not suﬃciently
eﬃcient light emitters for practical laser fabrication [14].
The II/VI compounds are generally very eﬃcient light emitters, but junc-
tions are formed with diﬃculty.",462
773,semiconductor_lasers.pdf,16,"tions are formed with diﬃculty.
Modern techniques like molecular beam
epitaxy (MBE) and metal-organic vapor phase epitaxy (MOVPE) makes it
possible to grow junctions in ZnS, ZnSe, ZnTe, and alloys of these materials,
by the use of N as the acceptor. These materials can be used to make lasers
that emit green and blue-green light [14].",335
774,semiconductor_lasers.pdf,17,"15
5
Applications
Lasers are used for many diﬀerent purposes. Semiconductor lasers are espe-
cially attractive because of the demand for cheaper and smaller lasers. They
are extremely diverse, used in areas as optical data transmission, optical
data storage, metrology, spectroscopy, material processing, pumping solid
state lasers, and various kinds of medical treatments [11].
Figure 15: Lasers in a DVD player [13].
Most of us use lasers in everyday life. Semiconductor lasers are for exam-",493
775,semiconductor_lasers.pdf,17,"Most of us use lasers in everyday life. Semiconductor lasers are for exam-
ple used to read the information stored in compact discs (CDs) and digital
versatile discs (DVDs). The storage density of the discs is inversely propor-
tional to the square of the laser wavelength. Achieving lasers with shorter
wavelengths thus makes it possible to store more information on the discs
[14]. High spatial coherence is also essential for addressing very small spots
in the recording medium [11].",486
776,semiconductor_lasers.pdf,17,"in the recording medium [11].
Semiconductor lasers are also used as transmitters in ﬁber-optic links.
These are parts of an optical ﬁber communications system which provides a
data connection between two points [11]. These types of optical cables are
for example used between an ampliﬁer and the loudspeakers.",309
777,semiconductor_lasers.pdf,18,"16
Figure 16: Laser pointers [13].
Laser pointers are made from inexpen-
sive semiconductor lasers. Most laser point-
ers use a small GaInP/AlGaInP laser diode,
which emit light in the red region. More ex-
pensive laser pointers operate in the green
and blue spectral region. Laser pointers are
convenient to use during a presentation for
example, because they can be used from a
large distance and are quite small devices.
They can also be used for certain optical
distance measurements [11].",493
778,semiconductor_lasers.pdf,18,"They can also be used for certain optical
distance measurements [11].
An other application is the use of semiconductor lasers as pump sources
for highly eﬃcient solid state lasers. A high electrical-to-optical eﬃciency of
the semiconductor laser (order of 50%) leads to a high overall power eﬃciency
of the laser [11].
A major goal of the optoelectronics community has been the achieve-
ment of high-eﬃciency red, green and blue emitters. The reason for this",458
779,semiconductor_lasers.pdf,18,"ment of high-eﬃciency red, green and blue emitters. The reason for this
is that those are the three primary colours of the spectrum, and by com-
bining them one can form intense white light sources (∼500 lumens). The
luminous eﬃciencies can then be about 2 times greater than those of con-
ventional incandescent light bulbs. Light emitting diodes (LEDs) also have
much longer lifetimes and much higher energy eﬃciencies, and if the price",438
780,semiconductor_lasers.pdf,18,"much longer lifetimes and much higher energy eﬃciencies, and if the price
can be by ∼100 times, they can be used for conventional illumination. This
can lead to a signiﬁcant reduction in global energy demand [14].",213
781,semiconductor_lasers.pdf,19,"17
6
Recent Development: Quantum Dot Lasers
Since the dawn of the semiconductor laser technology in the 1960’s, much of
the development has been focused on optimizing the layered structure and
introducing new alloys. Some do believe that this type of semiconducting
laser will be replaced by the quantum dot laser, especially in the ﬁeld of data
chip communication [1].
A quantum dot laser is a semiconductor laser that uses quantum dots
in layers as the active gain medium.",474
782,semiconductor_lasers.pdf,19,"in layers as the active gain medium.
The laser quantum dots are made
from semiconductor nanocrystals. Quantum dots can be as small as 2 to
10 nm, but self-assembled quantum dots are typically between 10 and 50 nm
in size, see ﬁgure 17. Quantum dots contain a small ﬁnite number (1-100) of
conduction band electrons and valence band holes (also called exitons) that
they can conﬁne the motion of in all three spatial directions. Due to the",438
783,semiconductor_lasers.pdf,19,"they can conﬁne the motion of in all three spatial directions. Due to the
close packing of charge carriers in quantum dots, they exhibit an electronic
structure similar to atoms. So unlike other semiconductor materials used for
lasers, quantum dots have a discrete quantized energy spectrum [19, 21].
Figure 17: A quantum dot is a semiconductor nanocrystal with 100 to 100
000 atoms within its volume [21, 9].
Quantum dots are useful because their peak emission frequency have an",479
784,semiconductor_lasers.pdf,19,"Quantum dots are useful because their peak emission frequency have an
extreme sensitivity to dot size and composition. The reason for this is that
their energy levels are not ﬁxed as the band gap in normal bulk semiconduc-
tor materials. Exitons have an average internal distance between the electron
and hole called the Exiton Bohr Radius, and usually the semiconductor crys-
tals are much larger than this. When the size of the semiconductor crystal",451
785,semiconductor_lasers.pdf,19,"tals are much larger than this. When the size of the semiconductor crystal
is small enough to approach this distance the energy levels can no longer be
considered continuous, and under these conditions the semiconductor mate-
rial can be called a quantum dot. Addition and subtraction of atoms in the",300
786,semiconductor_lasers.pdf,20,"18
quantum dot crystal or changing its surface geometry will change the band
gap energy. The quantum dots use this to tune the emission wavelength to
extreme precision, see ﬁgure 18 [15].
Figure 18: The radiation from quantum dots is often referred to as blue
shifted, because the band gap will be larger the smaller the dot.
The ﬁrst quantum dot laser with high threshold density was demonstrated
by Ledentsov and colleagues in 1994[6]. The quantum dot laser need dots",469
787,semiconductor_lasers.pdf,20,"by Ledentsov and colleagues in 1994[6]. The quantum dot laser need dots
that are smaller than 10 −20 nm and a dot density of one coupled dot pair
per (200 nm)3. The dominant decay mechanism in quantum well lasers is
nonradiative, emitting optical phonons instead of photons. For quantum dot
lasers the radiative decay will dominate the nonradiative because now only
multiphonon emissions are possible, and this will improve the laser’s eﬃ-",439
788,semiconductor_lasers.pdf,20,"multiphonon emissions are possible, and this will improve the laser’s eﬃ-
ciency. The pumping will now only need to exceed losses due to spontaneous
emission, multiphoton decay and leakage, making the ideal threshold current
determined by the total spontaneous emission rate. The threshold current
for quantum dot lasers is several orders of magnitude lower than quantum
well lasers [22].",388
789,semiconductor_lasers.pdf,21,"19
Other observed advantages of quantum dot lasers are are narrower emis-
sion lines and improvements in modulation bandwith, relative intensity noise
and temperature insensitivity [19, 22]. Fujitsu Limited and a research group
at the University of Tokyo developed in 2004 a quantum dot laser with high-
speed of 10 gigabits per second across a temperature range of 20  to 70 
without electrical current adjustments, see ﬁgure 19. This stability over tem-",457
790,semiconductor_lasers.pdf,21,"without electrical current adjustments, see ﬁgure 19. This stability over tem-
perature variations can not be achieved with normal semiconductor lasers [8].
Figure 19: Structure of the 10Gbps quantum dot laser [8].",214
791,semiconductor_lasers.pdf,22,"20
7
Future Aspects
It is beleived that semiconductor lasers will obtain an even stronger position
in the future, and a lot of research is going on in diﬀerent ﬁelds. One area
with especially large potential is the integration of laser components in ex-
isting silicon CMOS technology. If successfull this may revolutionize the way
information is processed in future computer chips.",382
792,semiconductor_lasers.pdf,23,"References
21
References
[1] Nadya Anscombe. Join up the quantum dots. Nature Photonics, 1:360–
361, July 2007.
[2] N. G. Basov, O. N. Krokhin, and Y. M. Popov. Production of Negative-
Temperature States in p-n Junctions og Degeanrate Semiconductors.
Soviet Physics JETP, 13:1320–1321, 1961.
[3] R. N. Hall, G. E. Fenner, J. D. Kingsley, T. J. Soltys, and R. O. Carlson.
Coherent Light Emission From GaAs Junctions. Physical Review Letters,
9:366–368, November 1962.",466
793,semiconductor_lasers.pdf,23,"Coherent Light Emission From GaAs Junctions. Physical Review Letters,
9:366–368, November 1962.
[4] J. Hawkes and I Latimer. Lasers (Theory and Practice). Prentice Hall,
1995.
[5] N. Jr. Holonyak and S. F. Bevacqua. Coherent (Visible) Light Emission
From Ga(AsP) Junctions. Applied Physics Letters, 1:82–83, December
1962.
[6] WTEC Hyper-Librerian.
Quantum Dot Lasers.
Internet, 22.10.07:
http://www.wtec.org/loyola/nano/05 04.htm.",431
794,semiconductor_lasers.pdf,23,"Quantum Dot Lasers.
Internet, 22.10.07:
http://www.wtec.org/loyola/nano/05 04.htm.
[7] Bell Labs. Schawlow and Townes Invent the Laser. Internet, 11.10.07:
http://www.bell-labs.com/history/laser/.
[8] Fujitsu Limited and University of Tokyo.
Fujitsu, University of
Tokyo Develop World’s First 10Gbps Quantum Dot Laser Featuring
Breakthrough Temperature-Independent Output.
Internet, 22.10.07:
http://www.fujitsu.com/global/news/pr/archives/month/2004/20040910-
01.html, 2004.
[9] Nanopedia,
the
web",498
795,semiconductor_lasers.pdf,23,"01.html, 2004.
[9] Nanopedia,
the
web
course
of
nanotechnol-
ogy.
Quantum
dots.
Internet,
22.10.07:
http://nanopedia.case.edu/NWPage.php?page=quantum.dots.
[10] J. F. Ready. Industrial Applications of Lasers. Academic Press, 1997.
[11] RP Photonics, Encyclopedia of Laser Physics and Technology. Internet,
18.10.07: http://www.rp-photonics.com.
[12] E. F. Schubert. Light-Emitting Diodes. Cambridge University Press,
second edition, 2006.",438
796,semiconductor_lasers.pdf,23,"[12] E. F. Schubert. Light-Emitting Diodes. Cambridge University Press,
second edition, 2006.
[13] Semiconductor Lasers. Internet, 12.10.07: http://photoni-x.net/.",163
797,semiconductor_lasers.pdf,24,"References
22
[14] B. G. Streetman and S. K. Banerjee. Solid State Electronic Devices.
Prentice Hall, sixth edition, 2000.
[15] Evident
technologies.
How
quantum
dots
work.
Internet,
22.10.07:
http://www.evidenttech.com/qdot-deﬁnition/quantum-dot-
introduction.php.
[16] The Oﬃcial Web Site of the Nobel Foundation.
Internet, 11.10.07:
http://nobelprize.org/educational games/physics/laser/facts/history.html.
[17] G. H. B. Thompson. Physics of semiconductor laser devices. Chichester,",485
798,semiconductor_lasers.pdf,24,"[17] G. H. B. Thompson. Physics of semiconductor laser devices. Chichester,
Sussex, England and New York, Wiley-Interscience, 1980. 572 p., 1980.
[18] Joseph T. Verdeyen. Laser electonics. Prentice Hall, 1981.
[19] Wikipedia, The Free Encyclopedia.
Quantum dot laser.
Internet,
22.10.07: http://en.wikipedia.org/wiki/Quantum dot laser.
[20] Wikipedia, The Free Encyclopedia.
Stimulated Emission.
Internet,
12.10.07: http://en.wikipedia.org/wiki/Stimulated emission.",465
799,semiconductor_lasers.pdf,24,"Stimulated Emission.
Internet,
12.10.07: http://en.wikipedia.org/wiki/Stimulated emission.
[21] Wikipedia, The Free Encyclopedia. Quantum dot. Internet, 22.10.07:
http://en.wikipedia.org/wiki/Quantum dot, October 2007.
[22] Ned S. Wingreen and Charles A. Staﬀord. Quantum-Dot Cascade Laser:
Proposal for and Ultralow-Threshold Semiconductor Laser. IEEE jour-
nal of quantum electronics, 33(7):1170–1173, 1997.
[23] Hugh D. Young and Roger A. Freedman. University Physics. Addison-",480
800,semiconductor_lasers.pdf,24,"[23] Hugh D. Young and Roger A. Freedman. University Physics. Addison-
Wesley publishing company, tenth edition, 2000.",118
801,WAVEGUIDES-RESONATORS.pdf,1,"Page 1 
UNIT I 
WAVEGUIDES & RESONATORS 
INTRODUCTION 
Microwaves are electromagnetic waves with wavelengths ranging from 1 mm to 1 m, or 
frequencies between 300 MHz and 300 GHz.  
Apparatus and techniques may be described qualitatively as ""microwave"" when the wavelengths 
of signals are roughly the same as the dimensions of the equipment, so that lumped-element 
circuit theory is inaccurate. As a consequence, practical microwave technique tends to move",458
802,WAVEGUIDES-RESONATORS.pdf,1,"circuit theory is inaccurate. As a consequence, practical microwave technique tends to move 
away from the discrete resistors, capacitors, and inductors used with lower frequency radio 
waves. Instead, distributed circuit elements and transmission-line theory are more useful 
methods for design, analysis. Open-wire and coaxial transmission lines give way to waveguides, 
and lumped-element tuned circuits are replaced by cavity resonators or resonant lines. Effects of",470
803,WAVEGUIDES-RESONATORS.pdf,1,"and lumped-element tuned circuits are replaced by cavity resonators or resonant lines. Effects of 
reflection, polarization, scattering, diffraction, and atmospheric absorption usually associated 
with visible light are of practical significance in the study of microwave propagation. The same 
equations of electromagnetic theory apply at all frequencies.  
While the name may suggest a micrometer wavelength, it is better understood as indicating",448
804,WAVEGUIDES-RESONATORS.pdf,1,"While the name may suggest a micrometer wavelength, it is better understood as indicating 
wavelengths very much smaller than those used in radio broadcasting. The boundaries between 
far infrared light, terahertz radiation, microwaves, and ultra-high-frequency radio waves are 
fairly arbitrary and are used variously between different fields of study. The term microwave 
generally refers to ""alternating current signals with frequencies between 300 MHz (3×108 Hz)",466
805,WAVEGUIDES-RESONATORS.pdf,1,"generally refers to ""alternating current signals with frequencies between 300 MHz (3×108 Hz) 
and 300 GHz (3×1011 Hz).""[1] Both IEC standard 60050 and IEEE standard 100 define 
""microwave"" frequencies starting at 1 GHz (30 cm wavelength).  
Electromagnetic waves longer (lower frequency) than microwaves are called ""radio waves"". 
Electromagnetic radiation with shorter wavelengths may be called ""millimeter waves"", terahertz",425
806,WAVEGUIDES-RESONATORS.pdf,2,"Page 2 
radiation or even T-rays. Definitions differ for millimeter wave band, which the IEEE defines as 
110 GHz to 300 GHz. 
MICROWAVE FREQUENCY BANDS  
The microwave spectrum is usually defined as electromagnetic energy ranging from 
approximately 1 GHz to 1000 GHz in frequency, but older usage includes lower frequencies. 
Most common applications are within the 1 to 40 GHz range. Microwave frequency bands, as",416
807,WAVEGUIDES-RESONATORS.pdf,2,"Most common applications are within the 1 to 40 GHz range. Microwave frequency bands, as 
defined by the Radio Society of Great Britain (RSGB), are shown in the table below: 
Microwave frequency bands  
Designation  
Frequency 
range  
L band  
1 to 2 GHz  
S band  
2 to 4 GHz  
C band  
4 to 8 GHz  
X band  
8 to 12 GHz  
Ku band  
12 to 18 GHz  
K band  
18to 26.5GHz  
Ka band  
26.5to 40GHz  
Discovery  
The existence of electromagnetic waves, of which microwaves are part of the frequency",496
808,WAVEGUIDES-RESONATORS.pdf,2,"Discovery  
The existence of electromagnetic waves, of which microwaves are part of the frequency 
spectrum, was predicted by James Clerk Maxwell in 1864 from his equations. In 1888, Heinrich 
Hertz was the first to demonstrate the existence of electromagnetic waves by building an 
apparatus that produced and detected microwaves in the UHF region. The design necessarily 
used horse-and-buggy materials, including a horse trough, a wrought iron point spark, Leyden",466
809,WAVEGUIDES-RESONATORS.pdf,2,"used horse-and-buggy materials, including a horse trough, a wrought iron point spark, Leyden 
jars, and a length of zinc gutter whose parabolic cross-section worked as a reflection antenna. In 
1894 J. C. Bose publicly demonstrated radio control of a bell using millimetre wavelengths, and 
conducted research into the propagation of microwaves.  
Plot of the zenith atmospheric transmission on the summit of Mauna Kea throughout the entire",440
810,WAVEGUIDES-RESONATORS.pdf,2,"Plot of the zenith atmospheric transmission on the summit of Mauna Kea throughout the entire 
gigahertz range of the electromagnetic spectrum at a precipitable water vapor level of 0.001 mm. 
(simulated)  
Frequency range  
The microwave range includes ultra-high frequency (UHF) (0.3–3 GHz), super high frequency 
(SHF) (3–30 GHz), and extremely high frequency (EHF) (30–300 GHz) signals. 
Above 300 GHz, the absorption of electromagnetic radiation by Earth's atmosphere is so great",483
811,WAVEGUIDES-RESONATORS.pdf,2,"Above 300 GHz, the absorption of electromagnetic radiation by Earth's atmosphere is so great 
that it is effectively opaque, until the atmosphere becomes transparent again in the so-called 
infrared and optical window frequency ranges.",235
812,WAVEGUIDES-RESONATORS.pdf,3,"ANNAMACHARYA INSTITUTE OF TECHNOLOGY AND 
SCIENCES :: TIRUPATI 
AITS-ECE                                                              MWE 
Page 3 
Microwave Sources  
Vacuum tube based devices operate on the ballistic motion of electrons in a vacuum under the 
influence of controlling electric or magnetic fields, and include the magnetron, klystron, 
travelling wave tube (TWT), and gyrotron. These devices work in the density modulated mode,",444
813,WAVEGUIDES-RESONATORS.pdf,3,"travelling wave tube (TWT), and gyrotron. These devices work in the density modulated mode, 
rather than the current modulated mode. This means that they work on the basis of clumps of 
electrons flying ballistically through them, rather than using a continuous stream.  
A maser is a device similar to a laser, except that it works at microwave frequencies.  
Solid-state sources include the field-effect transistor, at least at lower frequencies, tunnel diodes 
and Gunn diodes",479
814,WAVEGUIDES-RESONATORS.pdf,3,"and Gunn diodes  
ADVANTAGES OF MICROWAVES
Communication  

Before the advent of fiber optic transmission, most long distance telephone calls were 
carried via microwave point-to-point links through sites like the AT&T Long Lines. 
Starting in the early 1950's, frequency division multiplex was used to send up to 5,400 
telephone channels on each microwave radio channel, with as many as ten radio channels 
combined into one antenna for the hop to the next site, up to 70 km away. 
",486
815,WAVEGUIDES-RESONATORS.pdf,3,"combined into one antenna for the hop to the next site, up to 70 km away. 

Wireless LAN protocols, such as Bluetooth and the IEEE 802.11 specifications, also use 
microwaves in the 2.4 GHz ISM band, although 802.11a uses ISM band and U-NII 
frequencies in the 5 GHz range. Licensed long-range (up to about 25 km) Wireless 
Internet Access services can be found in many countries (but not the USA) in the 3.5–4.0 
GHz range.  

Metropolitan Area Networks: MAN protocols, such as WiMAX (Worldwide",497
816,WAVEGUIDES-RESONATORS.pdf,3,"GHz range.  

Metropolitan Area Networks: MAN protocols, such as WiMAX (Worldwide 
Interoperability for Microwave Access) based in the IEEE 802.16 specification. The 
IEEE 802.16 specification was designed to operate between 2 to 11 GHz. The 
commercial implementations are in the 2.3GHz, 2.5 GHz, 3.5 GHz and 5.8 GHz ranges.  

Wide Area Mobile Broadband Wireless Access: MBWA protocols based on standards 
specifications such as IEEE 802.20 or ATIS/ANSI HC-SDMA (e.g. iBurst) are designed",492
817,WAVEGUIDES-RESONATORS.pdf,3,"specifications such as IEEE 802.20 or ATIS/ANSI HC-SDMA (e.g. iBurst) are designed 
to operate between 1.6 and 2.3 GHz to give mobility and in-building penetration 
characteristics similar to mobile phones but with vastly greater spectral efficiency.  

Cable TV and Internet access on coaxial cable as well as broadcast television use some of 
the lower microwave frequencies. Some mobile phone networks, like GSM, also use the 
lower microwave frequencies.  
",463
818,WAVEGUIDES-RESONATORS.pdf,3,"lower microwave frequencies.  

Microwave radio is used in broadcasting and telecommunication transmissions because, 
due to their short wavelength, highly directive antennas are smaller and therefore more 
practical than they would be at longer wavelengths (lower frequencies). There is also",293
819,WAVEGUIDES-RESONATORS.pdf,4,"ANNAMACHARYA INSTITUTE OF TECHNOLOGY AND 
SCIENCES :: TIRUPATI 
AITS-ECE                                                              MWE 
Page 4 
more bandwidth in the microwave spectrum than in the rest of the radio spectrum; the 
usable bandwidth below 300 MHz is less than 300 MHz while many GHz can be used 
above 300 MHz. Typically, microwaves are used in television news to transmit a signal 
from a remote location to a television station from a specially equipped van.  
Remote Sensing  
",498
820,WAVEGUIDES-RESONATORS.pdf,4,"from a remote location to a television station from a specially equipped van.  
Remote Sensing  

Radar uses microwave radiation to detect the range, speed, and other characteristics of 
remote objects. Development of radar was accelerated during World War II due to its 
great military utility. Now radar is widely used for applications such as air traffic control, 
navigation of ships, and speed limit enforcement.  
",422
821,WAVEGUIDES-RESONATORS.pdf,4,"navigation of ships, and speed limit enforcement.  

A Gunn diode oscillator and waveguide are used as a motion detector for automatic door 
openers (although these are being replaced by ultrasonic devices).  

Most radio astronomy uses microwaves.  

Microwave imaging; see Photoacoustic imaging in biomedicine  
Navigation  
Global Navigation Satellite Systems (GNSS) including the American Global Positioning System",421
822,WAVEGUIDES-RESONATORS.pdf,4,"Global Navigation Satellite Systems (GNSS) including the American Global Positioning System 
(GPS) and the Russian (GLONASS) broadcast navigational signals in various bands between 
about 1.2 GHz and 1.6 GHz.  
Power  

A microwave oven passes (non-ionizing) microwave radiation (at a frequency near 2.45 
GHz) through food, causing dielectric heating by absorption of energy in the water, fats 
and sugar contained in the food. Microwave ovens became common kitchen appliances in",481
823,WAVEGUIDES-RESONATORS.pdf,4,"and sugar contained in the food. Microwave ovens became common kitchen appliances in 
Western countries in the late 1970s, following development of inexpensive cavity 
magnetrons.  

Microwave heating is used in industrial processes for drying and curing products.  

Many semiconductor processing techniques use microwaves to generate plasma for such 
purposes as reactive ion etching and plasma-enhanced chemical vapor deposition 
(PECVD).  
",447
824,WAVEGUIDES-RESONATORS.pdf,4,"purposes as reactive ion etching and plasma-enhanced chemical vapor deposition 
(PECVD).  

Microwaves can be used to transmit power over long distances, and post-World War II 
research was done to examine possibilities. NASA worked in the 1970s and early 1980s 
to research the possibilities of using Solar power satellite (SPS) systems with large solar 
arrays that would beam power down to the Earth's surface via microwaves.  
",433
825,WAVEGUIDES-RESONATORS.pdf,4,"arrays that would beam power down to the Earth's surface via microwaves.  

Less-than-lethal weaponry exists that uses millimeter waves to heat a thin layer of human 
skin to an intolerable temperature so as to make the targeted person move away. A two-
second burst of the 95 GHz focused beam heats the skin to a temperature of 130 F (54 C)",342
826,WAVEGUIDES-RESONATORS.pdf,5,"ANNAMACHARYA INSTITUTE OF TECHNOLOGY AND 
SCIENCES :: TIRUPATI 
AITS-ECE                                                              MWE 
Page 5 
at a depth of 1/64th of an inch (0.4 mm). The United States Air Force and Marines are 
currently using this type of Active Denial System.[2]  
APPLICATIONS OF MICROWAVE ENGINEERING 
•
Antenna gain is proportional to the electrical size of the antenna. At higher frequencies,",421
827,WAVEGUIDES-RESONATORS.pdf,5,"•
Antenna gain is proportional to the electrical size of the antenna. At higher frequencies, 
more antenna gain is therefore possible for a given physical antenna size, which has 
important consequences for implementing miniaturized microwave systems. 
•
 More bandwidth can be realized at higher frequencies. Bandwidth is critically important 
because available frequency bands in the electromagnetic spectrum are being rapidly 
depleted. 
•",442
828,WAVEGUIDES-RESONATORS.pdf,5,"because available frequency bands in the electromagnetic spectrum are being rapidly 
depleted. 
•
 Microwave signals travel by line of sight are not bent by the ionosphere as are lower 
frequency signals and thus satellite and terrestrial communication links with very high 
capacities are possible. 
•
 Effective reflection area (radar cross section) of a radar target is proportional to the 
target’s electrical size. Thus generally microwave frequencies are preferred for radar 
systems. 
•",493
829,WAVEGUIDES-RESONATORS.pdf,5,"target’s electrical size. Thus generally microwave frequencies are preferred for radar 
systems. 
•
Various molecular, atomic, and nuclear resonances occur at microwave frequencies, 
creating a variety of unique applications in the areas of basic science, remote sensing, 
medical diagnostics and treatment, and heating methods. 
•
 Today, the majority of applications of microwaves are related to radar and 
communication systems. Radar systems are used for detecting and locating targets and",493
830,WAVEGUIDES-RESONATORS.pdf,5,"communication systems. Radar systems are used for detecting and locating targets and 
for air traffic control systems, missile tracking radars, automobile collision avoidance 
systems, weather prediction, motion detectors, and a wide variety of remote sensing 
systems. 
•
Microwave communication systems handle a large fraction of the world’s international 
and other long haul telephone, data and television transmissions. 
•",427
831,WAVEGUIDES-RESONATORS.pdf,5,"and other long haul telephone, data and television transmissions. 
•
Most of the currently developing wireless telecommunications systems, such as direct 
broadcast satellite (DBS) television, personal communication systems (PCSs), wireless 
local area networks (WLANS), cellular video (CV) systems, and global positioning 
satellite (GPS) systems rely heavily on microwave technology. 
WAVEGUIDE : 
The transmission line can’t propagate high range of frequencies in GHz due to skin effect.",490
832,WAVEGUIDES-RESONATORS.pdf,5,"The transmission line can’t propagate high range of frequencies in GHz due to skin effect. 
Waveguides are generally used to propagate microwave signal and they always operate beyond 
certain frequency that is called “cut off frequency”. so they behaves as high pass filter.  
Types of waveguides: -",299
833,WAVEGUIDES-RESONATORS.pdf,6,"ANNAMACHARYA INSTITUTE OF TECHNOLOGY AND 
SCIENCES :: TIRUPATI 
AITS-ECE                                                              MWE 
Page 6 
(1)rectangular waveguide  
(2)cylindrical waveguide  
(3)elliptical waveguide  
(4)parallel waveguide 
RECTANGULAR WAVEGUIDE :  
Let us assume that the wave is travelling along z-axis and field variation along z-direction is 
equal to e-Ƴz,where z=direction of propagation and Ƴ= propagation constant.",448
834,WAVEGUIDES-RESONATORS.pdf,6,"equal to e-Ƴz,where z=direction of propagation and Ƴ= propagation constant.  
Assume the waveguide is lossless (α=0) and walls are perfect conductor (σ=∞). According to 
maxwell’s equation: 
∇ × H=J+𝜕𝐷/𝜕𝑡 and ∇ × E = -𝜕𝐵/ . 
So ∇ × H=J𝜔∈𝐸−−−(1.𝑎) , 
∇ × E = −J𝜔𝜇𝐻. ---------(1.b) 
Expanding equation (1),",304
835,WAVEGUIDES-RESONATORS.pdf,7,"ANNAMACHARYA INSTITUTE OF TECHNOLOGY AND 
SCIENCES :: TIRUPATI 
AITS-ECE                                                              MWE 
Page 7 
By equating coefficients of both sides we get,  
As the wave is travelling along z-direction and variation is along –Ƴz direction 
Comparing above equations, 𝜕/𝜕𝑧= −Ƴ 
So by putting this value of 𝜕/𝜕𝑧 in equations 2(a,b,c),we will get 
Similarly from relation ∇ × E = −j𝜔𝜇𝐻 and 𝜕/𝜕𝑧= −Ƴ ,we will get 
From equation sets of (3) ,",475
836,WAVEGUIDES-RESONATORS.pdf,7,"Similarly from relation ∇ × E = −j𝜔𝜇𝐻 and 𝜕/𝜕𝑧= −Ƴ ,we will get 
From equation sets of (3) ,  
we will get : 𝜕/𝜕𝑦𝐻𝑧+Ƴ 𝐻𝑦 =j𝜔∈Ex 
From equation sets of (4) ,we will get : 𝜕/𝜕𝑥𝐸𝑧+Ƴ 𝐸𝑥= j𝜔𝜇𝐻𝑦 
Equating equations (5) and (6), we will get",233
837,WAVEGUIDES-RESONATORS.pdf,8,"ANNAMACHARYA INSTITUTE OF TECHNOLOGY AND 
SCIENCES :: TIRUPATI 
AITS-ECE                                                              MWE 
Page 8 
Similarly we will get by simplifying other equations 
FIELD SOLUTIONS FOR TRANSVERSE MAGNETIC FIELD IN 
RECTANGULAR WAVEGUIDE :  
Hz=0 and Ez≠0  
EXYZ = (C1 cos𝑘𝑥𝑥+C2sin𝑘xx)( C3cos𝑘𝑦𝑦+C4sin𝑘yy ) 𝑒−𝛾𝑧  
The values of C1,C2,C3,C4,Kx,Ky are found out from boundary equations.as we know that the",438
838,WAVEGUIDES-RESONATORS.pdf,8,"The values of C1,C2,C3,C4,Kx,Ky are found out from boundary equations.as we know that the 
tangential component of  E are constants across the boundary, then  
AT x=0 AND y=0 ; 
E=C1C3𝑒−𝛾𝑧=0 but we know that 𝑒−𝛾𝑧≠0 wave is travelling along z-direction.",252
839,WAVEGUIDES-RESONATORS.pdf,9,"ANNAMACHARYA INSTITUTE OF TECHNOLOGY AND 
SCIENCES :: TIRUPATI 
AITS-ECE                                                              MWE 
Page 9 
So either C1=0 or C3=0 otherwise C1C3=0  
AT x=0 AND y=b ; 
In equation (i) for y=b=>E=0; 
So finally solutions for TRANSVERSE MAGNETIC MODE is given by 
Where C2 ×𝐶4=C 
CUT-OFF FREQUENCY :  
It is the minimum frequency after which propagation occurs inside the waveguide. 
As we know that => Kx^2 +ky^2+kz^2=k^2  
=> Kx^2 +ky^2= k^2-kz^2",485
840,WAVEGUIDES-RESONATORS.pdf,9,"As we know that => Kx^2 +ky^2+kz^2=k^2  
=> Kx^2 +ky^2= k^2-kz^2 
=> Kx^2 +ky^2=k^2+𝛾2 
As we know that 𝛽=−𝑗𝜔 𝜇𝜀 𝑎𝑛𝑑 𝑘2=𝛽2  
So we will get that : => Kx^2 +ky^2=k^2+𝛾2=𝜔2𝜇𝜀+𝛾2  
At f=fc or w=wc ,at cut off frequency propagation is about to start. So 𝛾=0",253
841,WAVEGUIDES-RESONATORS.pdf,10,"ANNAMACHARYA INSTITUTE OF TECHNOLOGY AND 
SCIENCES :: TIRUPATI 
AITS-ECE                                                              MWE 
Page 10 
where m=n=0,1,2,3…… 
CUT – OFF WAVELENGTH:  
This is given by 
DOMINANT MODE :  
The mode having lowest cut-off frequency or highest cut-off wavelength is called DOMINANT 
MODE.  
The mode can be TM01,TM10,TM11,But for TM10 and TM01,wave can’t exist.  
Hence TM11has lowest cut-off frequency and is the DOMINANT MODE in case of all TM 
modes only.",495
842,WAVEGUIDES-RESONATORS.pdf,10,"Hence TM11has lowest cut-off frequency and is the DOMINANT MODE in case of all TM 
modes only. 
PHASE CONSTANT : 
As we know that  
So 
This condition satisfies that only 𝜔𝑐2𝜇𝜀>𝜔2𝜇𝜀",181
843,WAVEGUIDES-RESONATORS.pdf,11,"ANNAMACHARYA INSTITUTE OF TECHNOLOGY AND 
SCIENCES :: TIRUPATI 
AITS-ECE                                                              MWE 
Page 11 
PHASE VELOCITY :  
It is given by Vp=𝜔/ 𝛽 
GUIDE WAVELENGTH :  
It is given by 
SOLUTIONS OF TRANSVERSE ELECTRIC MODE : 
Here Ez=0 and Hz≠0  
Hz=(B1cos𝑘𝑥𝑥+B2sin𝑘xx)( B3cos𝑘𝑦𝑦+B4sin𝑘yy ) 𝑒−𝛾𝑧 
B1,B2,B3,B4,KX,KY are found from boundary conditions. 
𝐸𝑥=0 𝑓𝑜𝑟 𝑦=0 𝑎𝑛𝑑 𝑦=𝑏
𝐸𝑦=0 𝑓𝑜𝑟 𝑥=0 𝑎𝑛𝑑 𝑥=𝑎 
At x=0 and y=0 ;",454
844,WAVEGUIDES-RESONATORS.pdf,12,"ANNAMACHARYA INSTITUTE OF TECHNOLOGY AND 
SCIENCES :: TIRUPATI 
AITS-ECE                                                              MWE 
Page 12 
Here 
So  
At x=0, 𝜕/𝜕𝑥𝐻𝑧=0  
0=[B2*Kx][(B3cosKyy+B4sinKyy)𝑒−𝛾𝑧] 
From this B2=0 
so 
Here 
At y=0 , 𝜕/𝜕𝑦𝐻𝑧=0",257
845,WAVEGUIDES-RESONATORS.pdf,13,"ANNAMACHARYA INSTITUTE OF TECHNOLOGY AND 
SCIENCES :: TIRUPATI 
AITS-ECE                                                              MWE 
Page 13 
so sin𝑘𝑦𝑏=0=>𝑘𝑦=𝑛𝜋𝑏 
So the general TRANSVERSE ELECTRIC MODE solution is given by 
Where B=B1B3 
CUT-OFF FREQUENCY :  
The cut-off frequency is given as 
DOMINANT MODE :  
The mode having lowest cut-off frequency or highest cut-off wavelength is called DOMINANT 
MODE.here TE00 where wave can’t exist.",449
846,WAVEGUIDES-RESONATORS.pdf,13,"MODE.here TE00 where wave can’t exist.  
So                                                              fc(TE01)=c/2b 
fc(TE10)=c/2a 
for rectangular waveguide we know that a>b 
so TE10 is the dominant mode in all rectangular waveguide.  
DEGENERATE MODE :",257
847,WAVEGUIDES-RESONATORS.pdf,14,"ANNAMACHARYA INSTITUTE OF TECHNOLOGY AND 
SCIENCES :: TIRUPATI 
AITS-ECE                                                              MWE 
Page 14 
The modes having same cut-off frequency but different field equations are called degenerate 
modes.  
WAVE IMPEDANCE : 
Impedance offered by waveguide either in TE mode or TM mode when wave travels through ,it 
is called wave impedance.  
For TE mode 
And 
Where ƞ𝑖=intrinsic impedance=377ohm=120π 
CYLINDRICAL WAVEGUIDES",469
848,WAVEGUIDES-RESONATORS.pdf,14,"For TE mode 
And 
Where ƞ𝑖=intrinsic impedance=377ohm=120π 
CYLINDRICAL WAVEGUIDES  
A circular waveguide is a tubular, circular conductor. A plane wave propagating through a 
circular waveguide results in transverse electric (TE) or transverse magnetic field(TM) mode.  
Assume the medium is lossless(α=0) and the walls of the waveguide is perfect conductor(σ=∞). 
The field equations from MAXWELL’S EQUATIONS are:-  
∇xE=-jωμH ------(1.a) 
∇xH=jωϵE -----(1.b) 
Taking the first equation,",489
849,WAVEGUIDES-RESONATORS.pdf,14,"∇xE=-jωμH ------(1.a) 
∇xH=jωϵE -----(1.b) 
Taking the first equation,  
∇xE=-jωμH 
Expanding both sides of the above equation in terms of cylindrical coordinates, we get 
Equating :-",183
850,WAVEGUIDES-RESONATORS.pdf,15,"ANNAMACHARYA INSTITUTE OF TECHNOLOGY AND 
SCIENCES :: TIRUPATI 
AITS-ECE                                                              MWE 
Page 15 
Similarly expanding ∇xH=jωϵE, 
Let us assume that the wave is propagating along z direction. So,  
Hz=𝑒− ; 
Putting in equation 2 and 3: 
And",289
851,WAVEGUIDES-RESONATORS.pdf,16,"ANNAMACHARYA INSTITUTE OF TECHNOLOGY AND 
SCIENCES :: TIRUPATI 
AITS-ECE                                                              MWE 
Page 16 
Now from eq(4.a) and eq(5.b),we get 
Let (γ2+𝜔2𝜇𝜀) =h2=Kc2 ;  
For lossless medium α=0;γ=jβ;  
Now the final equation for  Eφ is 
Equations (6.a),(6.b),(6.c),(6.d) are the field equations for cylindrical waveguides.",363
852,WAVEGUIDES-RESONATORS.pdf,17,"ANNAMACHARYA INSTITUTE OF TECHNOLOGY AND 
SCIENCES :: TIRUPATI 
AITS-ECE                                                              MWE 
Page 17 
TE MODE IN CYLINDRICAL WAVEGUIDE :-  
For TE mode, Ez=0, Hz≠0.  
As the wave travels along z-direction,e−γz is the solution along z-direction.  
As, 
; 
According to maxwell’s equation, the laplacian of Hz : 
Expanding the above equation, we get: 
Now 
Putting this value in the above equations, we get:-",452
853,WAVEGUIDES-RESONATORS.pdf,17,"Expanding the above equation, we get: 
Now 
Putting this value in the above equations, we get:- 
The partial differential with respect to ρ and φ in the above equation are equal only when the 
individuals are constant (Let it be Ko2).",234
854,WAVEGUIDES-RESONATORS.pdf,18,"ANNAMACHARYA INSTITUTE OF TECHNOLOGY AND 
SCIENCES :: TIRUPATI 
AITS-ECE                                                              MWE 
Page 18 
Solutions to the above differential equation is:-  
Hz = B1sin (Koφ)+B2cos(Koφ)-----{solution along φ direction}. 
Now, 
This equation is similar to BESSEL’S EQUATION,so the solution of this equation is 
Hz=CnJn(Kc ρ) --------{solution along 𝜌-direction}  
Hence,  
Hz=Hz(ρ)Hz(φ)e−γz;  
So, the final solution is, 
Applying boundary conditions:-",493
855,WAVEGUIDES-RESONATORS.pdf,18,"Hence,  
Hz=Hz(ρ)Hz(φ)e−γz;  
So, the final solution is, 
Applying boundary conditions:-  
At ρ=a, Eφ=0 =>∂Hz/∂ρ=0, 
=> Jn (Kc ρ) =0 
=> Jn(Kc a) =0 
If the roots of above equation are defined as Pmn’,then  
Kc= Pmn/a; 
CUT-OFF FREQUENCY :- It is the minimum frequency after which the propagation 
occurs inside the cavity. 
∴ γ=0; 
But we know that",349
856,WAVEGUIDES-RESONATORS.pdf,19,"ANNAMACHARYA INSTITUTE OF TECHNOLOGY AND 
SCIENCES :: TIRUPATI 
AITS-ECE                                                              MWE 
Page 19 
CUTOFF WAVELENGTH :- 
The experimental values of Pmn’ are:- 
As seen from this table,TE11 mode has the lowest cut off frequency, hence TE11 is the 
dominating mode.",312
857,WAVEGUIDES-RESONATORS.pdf,20,"ANNAMACHARYA INSTITUTE OF TECHNOLOGY AND 
SCIENCES :: TIRUPATI 
AITS-ECE                                                              MWE 
Page 20 
MICROWAVE COMPONENTS  
MICROWAVE RESONATOR:  

They are used in many applications such as oscillators, filters, frequency meters, tuned 
amplifiers and the like.  

A microwave resonator is a metallic enclosure that confines electromagnetic energy and 
stores it inside a cavity that determines its equivalent capacitance and inductance and",490
858,WAVEGUIDES-RESONATORS.pdf,20,"stores it inside a cavity that determines its equivalent capacitance and inductance and 
from the energy dissipated due to finite conductive walls we can determine the equivalent 
resistance.  

The resonator has finite number of resonating modes and each mode corresponds to a 
particular resonant frequency.  

When the frequency of input signal equals to the resonant frequency, maximum 
amplitude of standing wave occurs and the peak energy stored in the electric and",473
859,WAVEGUIDES-RESONATORS.pdf,20,"amplitude of standing wave occurs and the peak energy stored in the electric and 
magnetic field are calculated. 
RECTANGULAR WAVEGUIDE CAVITY RESONATOR:  
Resonator can be constructed from closed section of waveguide by shorting both ends thus 
forming a closed box or cavity which store the electromagnetic energy and the power can be 
dissipated in the metallic walls as well as the dielectric medium 
DIAGRAM: 
The geometry of rectangular cavity resonator spreads as  
0≤x≤a;
0≤y≤b; 
0≤z≤d",493
860,WAVEGUIDES-RESONATORS.pdf,20,"DIAGRAM: 
The geometry of rectangular cavity resonator spreads as  
0≤x≤a;
0≤y≤b; 
0≤z≤d
Hence the expression for cut-off frequency will be",139
861,WAVEGUIDES-RESONATORS.pdf,21,"ANNAMACHARYA INSTITUTE OF TECHNOLOGY AND 
SCIENCES :: TIRUPATI 
AITS-ECE                                                              MWE 
Page 21 
This is the expression for resonant frequency of cavity resonator.  
The mode having lowest resonant frequency is called DOMINANT MODE and for TE AND TM 
the dominant modes are TE-101 and TM-110 respectively.  
QUALITY FACTOR OF CAVITY RESONATOR:  
FACTORS AFFECTING THE QUALITY FACTOR:  
Quality factor depends upon 2 factors:",475
862,WAVEGUIDES-RESONATORS.pdf,21,"FACTORS AFFECTING THE QUALITY FACTOR:  
Quality factor depends upon 2 factors:  
Lossy conducting walls  
Lossy dielectric medium of a waveguide  
1) LOSSY CONDUCTING WALL:  
The Q-factor of a cavity with lossy conducting walls but lossless dielectric medium i.e. σc ≠ ∞ 
and σ =0  
Then Qc = (2ω0 We/Pc)  
Where w0-resonant frequency  
We-stored electrical energy  
Pc-power loss in conducting walls  
2) LOSSY DIELECTRIC MEDIUM:",430
863,WAVEGUIDES-RESONATORS.pdf,21,"We-stored electrical energy  
Pc-power loss in conducting walls  
2) LOSSY DIELECTRIC MEDIUM:  
The Q-factor of a cavity with lossy dielectric medium but lossless conducting walls  
i.e. σc=∞ and σ≠0 
Where tan 𝛿 = 𝜍𝜔𝜖",218
864,WAVEGUIDES-RESONATORS.pdf,22,"ANNAMACHARYA INSTITUTE OF TECHNOLOGY AND 
SCIENCES :: TIRUPATI 
AITS-ECE                                                              MWE 
Page 22 
Pd=power loss in dielectric medium  
When both the conducting walls and the dielectric medium are lossy in nature then  
Total power loss = Pc+Pd  
1/Qtotal = 1/Qc +1/Qd
or Qtotal = 1/ (1/Qc +1/Qd) 
MICROSTRIP  
Microstrip transmission line is a kind of ""high grade"" printed circuit construction, consisting of a",460
865,WAVEGUIDES-RESONATORS.pdf,22,"track of copper or other conductor on an insulating substrate. There is a ""backplane"" on the other 
side of the insulating substrate, formed from similar conductor. A picture (37kB). Looked at end 
on, there is a ""hot"" conductor which is the track on the top, and a ""return"" conductor which is the 
backplane on the bottom. Microstrip is therefore a variant of 2-wire transmission line. If one 
solves the electromagnetic equations to find the field distributions, one finds very nearly a",488
866,WAVEGUIDES-RESONATORS.pdf,22,"solves the electromagnetic equations to find the field distributions, one finds very nearly a 
completely TEM (transverse electromagnetic) pattern. This means that there are only a few 
regions in which there is a component of electric or magnetic field in the direction of wave 
propagation. There is a picture of these field patterns (incomplete) in T C Edwards ""Foundations 
for Microstrip Circuit Design"" edition 2 page 45. See the booklist for further bibliographic",470
867,WAVEGUIDES-RESONATORS.pdf,22,"for Microstrip Circuit Design"" edition 2 page 45. See the booklist for further bibliographic 
details. The field pattern is commonly referred to as a Quasi TEM pattern.  
Under some conditions one has to take account of the effects due to longitudinal fields. An 
example is geometrical dispersion, where different wave frequencies travel at different phase 
velocities, and the group and phase velocities are different. The quasi TEM pattern arises",449
868,WAVEGUIDES-RESONATORS.pdf,22,"velocities, and the group and phase velocities are different. The quasi TEM pattern arises 
because of the interface between the dielectric substrate and the surrounding air. The electric 
field lines have a discontinuity in direction at the interface. 
The boundary conditions for electric field are that the normal component (ie the component at 
right angles to the surface) of the electric field times the dielectric constant is continuous across",450
869,WAVEGUIDES-RESONATORS.pdf,22,"the boundary; thus in the dielectric which may have dielectric constant 10, the electric field 
suddenly drops to 1/10 of its value in air. On the other hand, the tangential component (parallel 
to the interface) of the electric field is continuous across the boundary. 
In general then we observe a sudden change of direction of electric field lines at the interface, 
which gives rise to a longitudinal magnetic field component from the second Maxwell's",455
870,WAVEGUIDES-RESONATORS.pdf,22,"which gives rise to a longitudinal magnetic field component from the second Maxwell's 
equation, curl E = - dB/dt. Since some of the electric energy is stored in the air and some in the 
dielectric, the effective dielectric constant for the waves on the transmission line will lie 
somewhere between that of the air and that of the dielectric. Typically the effective dielectric",378
871,WAVEGUIDES-RESONATORS.pdf,23,"ANNAMACHARYA INSTITUTE OF TECHNOLOGY AND 
SCIENCES :: TIRUPATI 
AITS-ECE                                                              MWE 
Page 23 
constant will be 50-85% of the substrate dielectric constant. As an example, in (notionally) air 
spaced microstrip the velocity of waves would be c = 3 * 10^8 metres per second. We have to 
divide this figure by the square root of the effective dielectric constant to find the actual wave 
velocity for the real microstrip line.",477
872,WAVEGUIDES-RESONATORS.pdf,23,"velocity for the real microstrip line.  
At 10 GHz the wavelength on notionally air spaced microstrip is therefore 3 cms; however on a 
substrate with effective dielectric constant of 7 the wavelength is 3/(sqrt{7}) = 1.13cms.  
WAVEGUIDE CUTOFF FREQUENCY:  
-waveguide cutoff frequency is an essential parameter for any waveguide - it does not propagate 
signals below this frequency. It is easy to understand an calculate with our equations.",443
873,WAVEGUIDES-RESONATORS.pdf,23,"signals below this frequency. It is easy to understand an calculate with our equations. 
The cutoff frequency is the frequency below which the waveguide will not operate. 
Accordingly it is essential that any signals required to pass through the waveguide do not extend 
close to or below the cutoff frequency. 
The waveguide cutoff frequency is therefore one of the major specifications associated with any 
waveguide product. 
Waveguide cutoff frequency basics",462
874,WAVEGUIDES-RESONATORS.pdf,23,"waveguide product. 
Waveguide cutoff frequency basics 
Waveguides will only carry or propagate signals above a certain frequency, known as the cut-off 
frequency. Below this the waveguide is not able to carry the signals. The cut-off frequency of the 
waveguide depends upon its dimensions. In view of the mechanical constraints this means that 
waveguides are only used for microwave frequencies. Although it is theoretically possible to",438
875,WAVEGUIDES-RESONATORS.pdf,23,"waveguides are only used for microwave frequencies. Although it is theoretically possible to 
build waveguides for lower frequencies the size would not make them viable to contain within 
normal dimensions and their cost would be prohibitive. 
As a very rough guide to the dimensions required for a waveguide, the width of a waveguide 
needs to be of the same order of magnitude as the wavelength of the signal being carried. As a",430
876,WAVEGUIDES-RESONATORS.pdf,23,"needs to be of the same order of magnitude as the wavelength of the signal being carried. As a 
result, there is a number of standard sizes used for waveguides as detailed in another page of this 
tutorial. Also other forms of waveguide may be specifically designed to operate on a given band 
of frequencies 
What is waveguide cutoff frequency? - the concept 
Although the exact mechanics for the cutoff frequency of a waveguide vary according to whether",455
877,WAVEGUIDES-RESONATORS.pdf,23,"Although the exact mechanics for the cutoff frequency of a waveguide vary according to whether 
it is rectangular, circular, etc, a good visualisation can be gained from the example of a 
rectangular waveguide. This is also the most widely used form.",250
878,WAVEGUIDES-RESONATORS.pdf,24,"ANNAMACHARYA INSTITUTE OF TECHNOLOGY AND 
SCIENCES :: TIRUPATI 
AITS-ECE                                                              MWE 
Page 24 
Signals can progress along a waveguide using a number of modes. However the dominant mode 
is the one that has the lowest cutoff frequency. For a rectangular waveguide, this is the TE10 
mode. 
The TE means transverse electric and indicates that the electric field is transverse to the direction 
of propagation.",460
879,WAVEGUIDES-RESONATORS.pdf,24,"of propagation. 
The diagram shows the electric field across the cross section of the waveguide. The lowest 
frequency that can be propagated by a mode equates to that were the wave can ""fit into"" the 
waveguide. 
As seen by the diagram, it is possible for a number of modes to be active and this can cause 
significant problems and issues. All the modes propagate in slightly different ways and therefore 
if a number of modes are active, signal issues occur.",460
880,WAVEGUIDES-RESONATORS.pdf,24,"if a number of modes are active, signal issues occur. 
It is therefore best to select the waveguide dimensions so that, for a given input signal, only the 
energy of the dominant mode can be transmitted by the waveguide. For example: for a given 
frequency, the width of a rectangular guide may be too large: this would cause the TE20 mode to 
propagate. 
As a result, for low aspect ratio rectangular waveguides the TE20 mode is the next higher order",451
881,WAVEGUIDES-RESONATORS.pdf,24,"As a result, for low aspect ratio rectangular waveguides the TE20 mode is the next higher order 
mode and it is harmonically related to the cutoff frequency of the TE10 mode. This relationship 
and attenuation and propagation characteristics that determine the normal operating frequency 
range of rectangular waveguide.",320
882,WAVEGUIDES-RESONATORS.pdf,25,"ANNAMACHARYA INSTITUTE OF TECHNOLOGY AND 
SCIENCES :: TIRUPATI 
AITS-ECE                                                              MWE 
Page 25 
Rectangular waveguide cutoff frequency 
Although waveguides can support many modes of transmission, the one that is used, virtually 
exclusively is the TE10 mode. If this assumption is made, then the calculation for the lower 
cutoff point becomes very simple: 
Where 
fc = rectangular waveguide cutoff frequency in Hz",466
883,WAVEGUIDES-RESONATORS.pdf,25,"cutoff point becomes very simple: 
Where 
fc = rectangular waveguide cutoff frequency in Hz  
c = speed of light within the waveguide in metres per second  
a = the large internal dimension of the waveguide in metres  
It is worth noting that the cutoff frequency is independent of the other dimension of the 
waveguide. This is because the major dimension governs the lowest frequency at which the 
waveguide can propagate a signal. 
Circular waveguide cutoff frequency",470
884,WAVEGUIDES-RESONATORS.pdf,25,"waveguide can propagate a signal. 
Circular waveguide cutoff frequency 
the equation for a circular waveguide is a little more complicated (but not a lot). 
where: 
fc = circular waveguide cutoff frequency in Hz  
c = speed of light within the waveguide in metres per second  
a = the internal radius for the circular waveguide in metres  
Although it is possible to provide more generic waveguide cutoff frequency formulae, these ones",435
885,WAVEGUIDES-RESONATORS.pdf,25,"Although it is possible to provide more generic waveguide cutoff frequency formulae, these ones 
are simple, easy to use and accommodate, by far the majority of calculations needed.",181
